step,train/loss,train/grad_norm,train/learning_rate,train/rewards/chosen,train/rewards/rejected,train/rewards/accuracies,train/rewards/margins,train/logps/chosen,train/logps/rejected,train/logits/chosen,train/logits/rejected,train/epoch,train/train_runtime,train/train_samples_per_second,train/train_steps_per_second,train/total_flos,train/train_loss
10,0.6929000020027161,12.298115730285645,4.4999998749517545e-07,-0.0003898024442605674,-0.000947976135648787,0.6625000238418579,0.0005581736331805587,-261.33172607421875,-336.07684326171875,4.684547424316406,3.634260892868042,0.00800000037997961,3306.751220703125,9.071999549865723,1.1339999437332153,0.0,0.09508831053972244
20,0.6897000074386597,8.711236000061035,9.500000146545062e-07,-0.0019290447235107422,-0.008781003765761852,0.9624999761581421,0.00685195904225111,-289.8314208984375,-339.7779235839844,4.206741809844971,2.9043617248535156,0.01600000075995922,,,,,
30,0.6844000220298767,13.313504219055176,1.4500000133921276e-06,-0.0064778090454638,-0.024113750085234642,0.9375,0.01763594150543213,-259.3191833496094,-315.96466064453125,4.141727447509766,3.238626003265381,0.024000000208616257,,,,,
40,0.6740999817848206,12.371399879455566,1.950000068973168e-06,-0.015351623296737671,-0.05394275113940239,0.9750000238418579,0.03859112784266472,-272.04705810546875,-302.7407531738281,4.638008117675781,3.460585355758667,0.03200000151991844,,,,,
50,0.6621000170707703,14.552286148071289,2.4500000108673703e-06,-0.025314271450042725,-0.08905675262212753,0.949999988079071,0.06374248117208481,-256.6337890625,-313.2710876464844,3.6769416332244873,2.8268444538116455,0.03999999910593033,,,,,
60,0.6456999778747559,14.108222007751465,2.9499999527615728e-06,-0.041998572647571564,-0.1410471498966217,0.925000011920929,0.09904856979846954,-361.0514221191406,-339.79107666015625,4.176033973693848,3.1804099082946777,0.04800000041723251,,,,,
70,0.6258000135421753,9.973318099975586,3.4499998946557753e-06,-0.05855280160903931,-0.20125584304332733,0.9750000238418579,0.14270304143428802,-334.2207946777344,-344.3701171875,3.870482921600342,3.1511504650115967,0.0560000017285347,,,,,
80,0.6103000044822693,12.159628868103027,3.950000063923653e-06,-0.0554971806704998,-0.23284776508808136,0.9624999761581421,0.17735058069229126,-274.163818359375,-328.12872314453125,3.9724678993225098,3.2637367248535156,0.06400000303983688,,,,,
90,0.5971999764442444,11.281763076782227,4.44999977844418e-06,-0.09907283633947372,-0.3110056519508362,0.9375,0.21193282306194305,-271.3377380371094,-290.09716796875,4.41331148147583,3.6547000408172607,0.07199999690055847,,,,,
100,0.536300003528595,11.647007942199707,4.949999947712058e-06,-0.09484079480171204,-0.46248236298561096,0.9624999761581421,0.36764153838157654,-358.22369384765625,-379.193359375,4.0354108810424805,3.0306005477905273,0.07999999821186066,,,,,
110,0.5370000004768372,10.951265335083008,4.9999248403764796e-06,-0.14931055903434753,-0.5155459642410278,0.949999988079071,0.3662354350090027,-343.95257568359375,-361.3453674316406,4.2837700843811035,3.121567726135254,0.08799999952316284,,,,,
120,0.5570999979972839,155.24398803710938,4.999665634386474e-06,-0.1753537505865097,-0.530523955821991,0.9375,0.3551701605319977,-296.18365478515625,-377.328857421875,3.7964580059051514,3.2898998260498047,0.09600000083446503,,,,,
130,0.48330000042915344,10.034890174865723,4.999221346224658e-06,-0.17731130123138428,-0.6946883201599121,0.9624999761581421,0.5173770189285278,-259.08990478515625,-345.787353515625,4.697323799133301,3.436108112335205,0.10400000214576721,,,,,
140,0.44589999318122864,8.804288864135742,4.9985915211436804e-06,-0.1974005550146103,-0.8215204477310181,0.9750000238418579,0.6241199374198914,-300.0072326660156,-328.86346435546875,5.014978885650635,3.7172653675079346,0.1120000034570694,,,,,
150,0.4611999988555908,9.832988739013672,4.997777068638243e-06,-0.24092082679271698,-0.8277740478515625,0.925000011920929,0.5868533253669739,-279.61114501953125,-295.7455139160156,4.186631202697754,3.493128538131714,0.11999999731779099,,,,,
160,0.4244000017642975,8.94499397277832,4.9967770792136434e-06,-0.27505552768707275,-1.0367172956466675,0.9375,0.76166170835495,-275.2725830078125,-338.41278076171875,4.734105587005615,3.2816646099090576,0.12800000607967377,,,,,
170,0.4404999911785126,10.509485244750977,4.995592462364584e-06,-0.32562506198883057,-1.0592111349105835,0.9125000238418579,0.7335861325263977,-292.06707763671875,-349.778076171875,4.961914539337158,3.692845582962036,0.13600000739097595,,,,,
180,0.4131999909877777,9.008151054382324,4.994222763343714e-06,-0.3225148320198059,-1.0778839588165283,0.949999988079071,0.7553691864013672,-289.97894287109375,-297.62420654296875,4.5287909507751465,3.4268627166748047,0.14399999380111694,,,,,
190,0.40799999237060547,10.886663436889648,4.992668436898384e-06,-0.31636494398117065,-1.1604747772216797,0.9624999761581421,0.844109833240509,-258.98040771484375,-337.43988037109375,4.651371002197266,3.350580930709839,0.15199999511241913,,,,,
200,0.3944999873638153,7.675459384918213,4.990929483028594e-06,-0.3346691131591797,-1.244574785232544,0.925000011920929,0.9099056124687195,-309.6042175292969,-354.9057922363281,4.086850166320801,3.50860857963562,0.1599999964237213,,,,,
210,0.3610999882221222,9.56413459777832,4.989005901734345e-06,-0.4121553301811218,-1.4426915645599365,0.949999988079071,1.030536413192749,-264.39385986328125,-313.18927001953125,4.155304431915283,3.0899109840393066,0.1679999977350235,,,,,
220,0.3208000063896179,9.061763763427734,4.986898147762986e-06,-0.40312808752059937,-1.5708129405975342,0.949999988079071,1.16768479347229,-334.62982177734375,-361.54034423828125,4.809786796569824,3.6309096813201904,0.17599999904632568,,,,,
230,0.32760000228881836,7.443129539489746,4.984605766367167e-06,-0.3610638976097107,-1.4986653327941895,0.9750000238418579,1.137601613998413,-278.10821533203125,-326.4014892578125,4.381276607513428,3.784350872039795,0.18400000035762787,,,,,
240,0.334199994802475,6.529504299163818,4.9821296670415904e-06,-0.4765658378601074,-1.6112661361694336,0.925000011920929,1.1347004175186157,-223.7030029296875,-311.93939208984375,4.398411750793457,3.413911819458008,0.19200000166893005,,,,,
250,0.28349998593330383,4.751968860626221,4.979469395038905e-06,-0.4203224182128906,-1.749260663986206,0.9750000238418579,1.328938364982605,-247.296142578125,-289.2914733886719,4.824512004852295,4.038693428039551,0.20000000298023224,,,,,
260,0.29829999804496765,4.625624179840088,4.976625405106461e-06,-0.48833227157592773,-1.8626797199249268,0.949999988079071,1.374347448348999,-256.7330322265625,-364.43115234375,4.779923439025879,3.523721694946289,0.20800000429153442,,,,,
270,0.32100000977516174,5.766245365142822,4.9735981519916095e-06,-0.5162213444709778,-1.803887128829956,0.9375,1.287665843963623,-284.49432373046875,-329.0251159667969,4.381096363067627,3.2986178398132324,0.2160000056028366,,,,,
280,0.28679999709129333,4.526882171630859,4.970387635694351e-06,-0.5860898494720459,-1.9653276205062866,0.949999988079071,1.3792378902435303,-251.27084350585938,-309.9637145996094,4.647712230682373,3.3510901927948,0.2240000069141388,,,,,
290,0.2669000029563904,10.800678253173828,4.966994310962036e-06,-0.6112320423126221,-2.196876049041748,0.949999988079071,1.5856441259384155,-355.3586730957031,-337.6849060058594,4.590950965881348,3.3696937561035156,0.23199999332427979,,,,,
300,0.23929999768733978,4.402238368988037,4.963417723047314e-06,-0.4742325246334076,-2.4023690223693848,0.9375,1.9281364679336548,-335.3611755371094,-384.495361328125,4.773902893066406,3.6795268058776855,0.23999999463558197,,,,,
310,0.24560000002384186,4.884429454803467,4.959659236192238e-06,-0.5978894233703613,-2.39591646194458,0.9750000238418579,1.7980268001556396,-269.53143310546875,-337.20330810546875,4.67046594619751,3.6185340881347656,0.24799999594688416,,,,,
320,0.17659999430179596,8.578452110290527,4.955717940902105e-06,-0.48857545852661133,-2.6279492378234863,0.9750000238418579,2.139373302459717,-276.18719482421875,-351.7547607421875,4.886272430419922,3.4549736976623535,0.25600001215934753,,,,,
330,0.20839999616146088,3.16670298576355,4.951595201418968e-06,-0.699866771697998,-2.6395649909973145,0.9750000238418579,1.9396984577178955,-261.22119140625,-333.2736511230469,4.272085189819336,2.9933669567108154,0.2639999985694885,,,,,
340,0.19539999961853027,7.629792213439941,4.947290562995477e-06,-0.8066808581352234,-2.8744049072265625,0.9750000238418579,2.0677242279052734,-305.5816345214844,-344.14813232421875,4.871999740600586,3.7588775157928467,0.2720000147819519,,,,,
350,0.2533000111579895,5.263513088226318,4.9428049351263326e-06,-0.8082130551338196,-2.6645894050598145,0.925000011920929,1.8563766479492188,-287.1575927734375,-350.4303283691406,4.813094139099121,4.057706356048584,0.2800000011920929,,,,,
360,0.18639999628067017,4.6974921226501465,4.938137863064185e-06,-0.6774884462356567,-2.769623279571533,0.9750000238418579,2.092134952545166,-250.38510131835938,-293.37152099609375,4.7695631980896,3.7133185863494873,0.2879999876022339,,,,,
370,0.22679999470710754,3.307861804962158,4.933290711051086e-06,-0.7911483645439148,-2.927661657333374,0.9375,2.1365134716033936,-310.3145751953125,-341.491455078125,4.419122695922852,3.6994807720184326,0.29600000381469727,,,,,
380,0.18539999425411224,6.42503023147583,4.928263024339685e-06,-0.7111430168151855,-2.952465057373047,0.987500011920929,2.2413220405578613,-258.80010986328125,-341.39105224609375,4.619317054748535,3.565390110015869,0.30399999022483826,,,,,
390,0.19300000369548798,3.8306174278259277,4.9230552576773334e-06,-0.7801603078842163,-3.129591464996338,0.9624999761581421,2.349430799484253,-302.37921142578125,-331.7562255859375,4.6596832275390625,3.769909381866455,0.31200000643730164,,,,,
400,0.18610000610351562,11.68974494934082,4.917668320558732e-06,-0.626103401184082,-3.0543713569641113,0.987500011920929,2.4282681941986084,-279.6776123046875,-325.1622009277344,4.291834831237793,3.633305072784424,0.3199999928474426,,,,,
410,0.22419999539852142,7.482427597045898,4.912101758236531e-06,-0.9525991678237915,-3.07938814163208,0.9375,2.126788854598999,-262.7784729003906,-321.02789306640625,4.698356628417969,3.6121649742126465,0.328000009059906,,,,,
420,0.13989999890327454,2.933199167251587,4.9063569349527825e-06,-0.8465740084648132,-3.6108927726745605,0.9624999761581421,2.7643189430236816,-302.2145080566406,-397.4429626464844,5.113000392913818,4.0965962409973145,0.335999995470047,,,,,
430,0.17839999496936798,9.154179573059082,4.900433850707486e-06,-0.9796963930130005,-3.779008388519287,0.9375,2.799311876296997,-282.0045471191406,-372.28411865234375,3.9296200275421143,3.1192538738250732,0.3440000116825104,,,,,
440,0.16419999301433563,3.051042318344116,4.8943329602479935e-06,-1.0088809728622437,-3.585092544555664,0.9624999761581421,2.576211452484131,-288.04437255859375,-313.5300598144531,4.09848690032959,3.046769857406616,0.35199999809265137,,,,,
450,0.14720000326633453,6.455977439880371,4.888054263574304e-06,-0.8348941802978516,-3.5486679077148438,0.987500011920929,2.713773488998413,-265.1553955078125,-324.5448303222656,4.080182075500488,3.4196934700012207,0.36000001430511475,,,,,
460,0.1589999943971634,3.290005922317505,4.881599124928471e-06,-0.8966952562332153,-3.397474765777588,0.9750000238418579,2.500779390335083,-287.378173828125,-328.4548034667969,4.761141777038574,3.5971157550811768,0.36800000071525574,,,,,
470,0.1826999932527542,2.863190174102783,4.874967544310493e-06,-1.043667197227478,-3.621253490447998,0.949999988079071,2.5775861740112305,-272.77032470703125,-314.13238525390625,4.261693000793457,3.50129771232605,0.37599998712539673,,,,,
480,0.1695999950170517,4.823531627655029,4.868159976467723e-06,-1.0909416675567627,-3.8460323810577393,0.949999988079071,2.7550907135009766,-220.31405639648438,-324.37677001953125,4.760664463043213,3.735138416290283,0.3840000033378601,,,,,
490,0.13609999418258667,4.351177215576172,4.8611768761475105e-06,-1.051984190940857,-4.371939659118652,0.9750000238418579,3.319955348968506,-255.80276489257812,-341.25311279296875,4.086846828460693,3.3382747173309326,0.3919999897480011,,,,,
500,0.1737000048160553,2.6712892055511475,4.854018698097207e-06,-0.9320386052131653,-3.6452701091766357,0.9624999761581421,2.7132315635681152,-235.16171264648438,-297.95404052734375,3.829137086868286,3.1581778526306152,0.4000000059604645,,,,,
510,0.11860000342130661,2.8496365547180176,4.846686351811513e-06,-1.0873616933822632,-4.254795551300049,0.987500011920929,3.1674342155456543,-334.1070251464844,-360.884521484375,4.492488861083984,3.406886339187622,0.40799999237060547,,,,,
520,0.14239999651908875,6.04451322555542,4.8391798372904304e-06,-1.2716330289840698,-4.603235721588135,0.9375,3.3316025733947754,-323.5361328125,-388.3115234375,4.158121109008789,3.3345444202423096,0.41600000858306885,,,,,
530,0.1574999988079071,6.377213478088379,4.831500518776011e-06,-1.231318712234497,-4.292057514190674,0.949999988079071,3.0607385635375977,-348.2749328613281,-334.77349853515625,4.681543827056885,3.677725315093994,0.42399999499320984,,,,,
540,0.12309999763965607,1.1871228218078613,4.823648396268254e-06,-0.8292819857597351,-4.048333644866943,0.9624999761581421,3.2190518379211426,-224.6780242919922,-299.9277038574219,4.554518222808838,3.800144910812378,0.4320000112056732,,,,,
550,0.23250000178813934,4.538525104522705,4.815623924514512e-06,-1.3857370615005493,-4.454666614532471,0.887499988079071,3.068929672241211,-303.3880310058594,-329.88543701171875,5.051573753356934,4.124481201171875,0.4399999976158142,,,,,
560,0.12359999865293503,2.415034532546997,4.807428013009485e-06,-1.1246066093444824,-4.125051021575928,0.9624999761581421,3.0004448890686035,-282.8068542480469,-344.0840759277344,4.56977653503418,3.608591079711914,0.4480000138282776,,,,,
570,0.09749999642372131,1.8537620306015015,4.799061116500525e-06,-1.1557573080062866,-4.926004409790039,0.9750000238418579,3.770246982574463,-299.1736755371094,-325.3487548828125,4.444859981536865,3.4186694622039795,0.4560000002384186,,,,,
580,0.11909999698400497,6.798244476318359,4.790523689734982e-06,-1.0529963970184326,-4.192574501037598,0.987500011920929,3.139578342437744,-261.61505126953125,-316.2069091796875,4.373813629150391,3.2565293312072754,0.46399998664855957,,,,,
590,0.15060000121593475,4.021857261657715,4.78181709695491e-06,-1.231725811958313,-4.5581560134887695,0.949999988079071,3.326430082321167,-373.60052490234375,-328.90875244140625,4.344760894775391,3.858586549758911,0.47200000286102295,,,,,
600,0.120899997651577,5.26834774017334,4.772940883412957e-06,-1.3332884311676025,-4.727438926696777,0.9750000238418579,3.394150495529175,-277.1363830566406,-338.3642272949219,4.64368200302124,3.598252058029175,0.47999998927116394,,,,,
610,0.1525000035762787,8.541775703430176,4.763896868098527e-06,-1.2273269891738892,-4.471203327178955,0.949999988079071,3.2438759803771973,-251.84963989257812,-310.49591064453125,5.074253559112549,3.846328020095825,0.4880000054836273,,,,,
620,0.07559999823570251,2.5856997966766357,4.754684596264269e-06,-1.1174088716506958,-4.934269428253174,1.0,3.8168606758117676,-212.68832397460938,-306.79888916015625,4.168859004974365,3.8500888347625732,0.4959999918937683,,,,,
630,0.054999999701976776,3.0893681049346924,4.745305432152236e-06,-1.0279982089996338,-5.666762351989746,1.0,4.638764381408691,-337.08795166015625,-386.0860595703125,4.206004619598389,3.6816246509552,0.5040000081062317,,,,,
640,0.10189999639987946,3.016333818435669,4.735760285257129e-06,-1.0287816524505615,-4.992743492126465,0.9750000238418579,3.963961362838745,-296.5580139160156,-327.3296203613281,5.488202095031738,4.685623645782471,0.5120000243186951,,,,,
650,0.13510000705718994,4.479879379272461,4.7260491555789486e-06,-1.3497835397720337,-5.2676310539245605,0.949999988079071,3.9178473949432373,-347.6811828613281,-369.2259826660156,4.534238338470459,3.6115901470184326,0.5199999809265137,,,,,
660,0.11180000007152557,4.027247428894043,4.716173407359747e-06,-1.1745761632919312,-5.273642063140869,0.9624999761581421,4.09906530380249,-289.1680603027344,-354.60693359375,5.313662528991699,4.383721351623535,0.527999997138977,,,,,
670,0.09730000048875809,9.660165786743164,4.706133040599525e-06,-1.0781934261322021,-5.090115547180176,0.949999988079071,4.011922359466553,-242.0770721435547,-323.86737060546875,4.668297290802002,3.7363038063049316,0.5360000133514404,,,,,
680,0.07760000228881836,3.7694833278656006,4.6959294195403345e-06,-0.9512476921081543,-5.139773368835449,0.9750000238418579,4.188525199890137,-279.3780822753906,-322.40447998046875,4.300240516662598,3.580712080001831,0.5440000295639038,,,,,
690,0.13689999282360077,9.404461860656738,4.6855634536768775e-06,-1.2302899360656738,-5.699443340301514,0.949999988079071,4.46915340423584,-308.3616638183594,-354.81390380859375,5.262931823730469,3.9361090660095215,0.5519999861717224,,,,,
700,0.11649999767541885,4.685783386230469,4.675035143009154e-06,-1.2674988508224487,-5.382599830627441,0.9624999761581421,4.115100860595703,-327.880859375,-348.83795166015625,4.734438896179199,3.618135929107666,0.5600000023841858,,,,,
710,0.08789999783039093,0.6357563734054565,4.664345851779217e-06,-1.1939295530319214,-6.120343208312988,0.9750000238418579,4.926413536071777,-333.1811828613281,-370.60321044921875,4.808706760406494,4.0181193351745605,0.5680000185966492,,,,,
720,0.07500000298023224,0.8990167379379272,4.653496489481768e-06,-1.237823486328125,-5.588451385498047,0.9750000238418579,4.35062837600708,-304.19244384765625,-335.3951416015625,4.874607086181641,3.7616195678710938,0.5759999752044678,,,,,
730,0.08209999650716782,1.2249159812927246,4.642487056116806e-06,-1.3066542148590088,-5.57748556137085,0.987500011920929,4.27083158493042,-294.5367736816406,-378.0733642578125,4.583489418029785,3.647371292114258,0.5839999914169312,,,,,
740,0.06589999794960022,9.230627059936523,4.6313193706737366e-06,-0.9230768084526062,-5.289760589599609,0.987500011920929,4.366683006286621,-306.41217041015625,-350.0688781738281,4.631994724273682,3.5785346031188965,0.5920000076293945,,,,,
750,0.059300001710653305,0.9929905533790588,4.619993433152558e-06,-1.3964569568634033,-5.843198299407959,1.0,4.446742057800293,-237.35507202148438,-338.7320861816406,5.609204292297363,3.9877288341522217,0.6000000238418579,,,,,
760,0.06920000165700912,5.215036392211914,4.608510607795324e-06,-1.3505080938339233,-5.9858598709106445,0.987500011920929,4.63535213470459,-272.24920654296875,-303.5168762207031,4.491981029510498,3.642204999923706,0.6079999804496765,,,,,
770,0.12359999865293503,1.458553433418274,4.596871804096736e-06,-1.3846940994262695,-5.65428352355957,0.9624999761581421,4.269589424133301,-202.30491638183594,-309.8387756347656,5.180866718292236,3.931278705596924,0.6159999966621399,,,,,
780,0.10350000113248825,5.653212547302246,4.585077476804145e-06,-1.6137945652008057,-5.6925859451293945,0.9624999761581421,4.07879114151001,-302.9755859375,-332.39556884765625,4.920612812042236,4.062079429626465,0.6240000128746033,,,,,
790,0.10019999742507935,0.6683213710784912,4.573128535412252e-06,-1.3643499612808228,-6.602080345153809,0.9624999761581421,5.237730503082275,-289.58575439453125,-401.666259765625,4.918204307556152,4.030686378479004,0.6320000290870667,,,,,
800,0.1873999983072281,1.533779501914978,4.5610263441631105e-06,-1.7114346027374268,-6.0788373947143555,0.9125000238418579,4.367403507232666,-284.8272705078125,-310.5169677734375,4.775231838226318,3.740265369415283,0.6399999856948853,,,,,
810,0.07249999791383743,0.7662864327430725,4.54877090305672e-06,-1.6092535257339478,-6.749908447265625,0.9750000238418579,5.140654563903809,-314.25927734375,-357.19207763671875,4.547896385192871,3.667311906814575,0.6480000019073486,,,,,
820,0.12540000677108765,0.9698841571807861,4.536364031082485e-06,-1.8631048202514648,-6.525049686431885,0.9375,4.66194486618042,-384.28717041015625,-378.0617370605469,3.7902798652648926,2.7551705837249756,0.656000018119812,,,,,
830,0.08709999918937683,1.793114185333252,4.523806637735106e-06,-1.2750442028045654,-5.910273551940918,0.987500011920929,4.635229587554932,-253.6092987060547,-340.9394836425781,4.8003997802734375,3.918128252029419,0.6639999747276306,,,,,
840,0.11180000007152557,0.5011201500892639,4.511098723014584e-06,-1.6545625925064087,-6.298935890197754,0.9375,4.644372463226318,-310.8138122558594,-354.7431335449219,4.762882709503174,3.7305099964141846,0.671999990940094,,,,,
850,0.0640999972820282,2.675584554672241,4.498242105910322e-06,-1.48574697971344,-6.193863391876221,0.987500011920929,4.708116054534912,-313.18902587890625,-315.3702087402344,4.43955135345459,3.7617480754852295,0.6800000071525574,,,,,
860,0.05909999832510948,1.6747074127197266,4.4852376959170215e-06,-1.631177544593811,-6.8224616050720215,0.9750000238418579,5.1912841796875,-365.8958740234375,-393.35107421875,4.449853420257568,3.530285358428955,0.6880000233650208,,,,,
870,0.07360000163316727,3.089905023574829,4.472085947782034e-06,-1.461264729499817,-6.0664238929748535,0.987500011920929,4.605159282684326,-308.9850769042969,-323.39581298828125,4.9989142417907715,4.007048606872559,0.6959999799728394,,,,,
880,0.08990000188350677,3.4667820930480957,4.458788225747412e-06,-1.4184596538543701,-5.960160732269287,0.9624999761581421,4.541701316833496,-242.58432006835938,-316.97161865234375,5.292591571807861,4.27463436126709,0.7039999961853027,,,,,
890,0.06809999793767929,0.17908082902431488,4.445344984560506e-06,-1.7531009912490845,-6.479013919830322,0.9750000238418579,4.725913047790527,-271.941162109375,-353.9011535644531,4.866272926330566,4.003159999847412,0.7120000123977661,,,,,
900,0.05990000069141388,2.6207728385925293,4.431758043210721e-06,-1.4870578050613403,-6.853245735168457,0.987500011920929,5.366188049316406,-276.4822082519531,-333.9800720214844,4.094658374786377,3.2277591228485107,0.7200000286102295,,,,,
910,0.07199999690055847,1.9693875312805176,4.418027856445406e-06,-1.624553918838501,-7.4905524253845215,0.9750000238418579,5.865998268127441,-294.4951171875,-388.42669677734375,5.093396186828613,4.288491249084473,0.7279999852180481,,,,,
920,0.08330000191926956,6.0969109535217285,4.404155788506614e-06,-1.550602912902832,-6.478828430175781,0.9750000238418579,4.928224563598633,-273.60028076171875,-372.65350341796875,4.630360126495361,3.9154746532440186,0.7360000014305115,,,,,
930,0.14110000431537628,10.792609214782715,4.390142294141697e-06,-1.533292531967163,-6.76061487197876,0.9624999761581421,5.227322578430176,-284.4976501464844,-315.491943359375,4.597738265991211,3.9969043731689453,0.7440000176429749,,,,,
940,0.06610000133514404,0.5780538320541382,4.375989192340057e-06,-1.4652047157287598,-6.775463104248047,0.949999988079071,5.310258388519287,-238.6127166748047,-353.1181945800781,5.201852798461914,4.119347095489502,0.7519999742507935,,,,,
950,0.07159999758005142,7.241633415222168,4.361696483101696e-06,-1.4444609880447388,-6.977826118469238,0.987500011920929,5.533365726470947,-334.1366271972656,-362.35382080078125,5.3292646408081055,4.482882976531982,0.7599999904632568,,,,,
960,0.0658000037074089,0.2675226628780365,4.3472664401633665e-06,-1.728820562362671,-7.712869167327881,0.9750000238418579,5.984049320220947,-321.1022644042969,-404.8927001953125,5.101324081420898,4.035010814666748,0.7680000066757202,,,,,
970,0.11550000309944153,12.03814697265625,4.33269951827242e-06,-1.7525653839111328,-6.695343017578125,0.949999988079071,4.942777156829834,-231.2420654296875,-338.01885986328125,5.452884197235107,4.375321388244629,0.7760000228881836,,,,,
980,0.10679999738931656,6.657968521118164,4.317996626923559e-06,-1.2960742712020874,-6.607190132141113,0.949999988079071,5.31111478805542,-205.20254516601562,-325.27886962890625,5.1056227684021,3.854480028152466,0.7839999794960022,,,,,
990,0.149399995803833,9.644009590148926,4.303159130358836e-06,-1.595522165298462,-6.7254791259765625,0.949999988079071,5.12995719909668,-317.5296936035156,-351.6875305175781,4.49685001373291,3.6109352111816406,0.7919999957084656,,,,,
1000,0.03889999911189079,1.5586425065994263,4.2881879380729515e-06,-2.151268243789673,-8.261053085327148,1.0,6.109784126281738,-331.87554931640625,-394.2104797363281,5.082331657409668,3.9280033111572266,0.800000011920929,,,,,
1010,0.06970000267028809,1.3294901847839355,4.273084414307959e-06,-1.2288172245025635,-6.240388870239258,0.987500011920929,5.011572360992432,-215.66748046875,-308.5390930175781,5.0601606369018555,3.765770673751831,0.8080000281333923,,,,,
1020,0.09759999811649323,0.7087578773498535,4.257849468558561e-06,-1.8715887069702148,-7.074634552001953,0.9750000238418579,5.203045845031738,-305.787353515625,-348.0895690917969,5.071611404418945,4.180985450744629,0.8159999847412109,,,,,
1030,0.10249999910593033,7.426774501800537,4.242484010319458e-06,-1.3182144165039062,-6.476770877838135,0.949999988079071,5.158556938171387,-260.1475524902344,-340.95416259765625,4.3821516036987305,3.515594482421875,0.8240000009536743,,,,,
1040,0.10570000112056732,1.9706871509552002,4.226989858580055e-06,-1.708700180053711,-7.103829860687256,0.9624999761581421,5.395129680633545,-286.3314514160156,-345.9501037597656,4.883806228637695,4.370136737823486,0.8320000171661377,,,,,
1050,0.05290000140666962,3.0374319553375244,4.211367922835052e-06,-1.766510248184204,-7.281134128570557,0.987500011920929,5.514623641967773,-307.27398681640625,-342.046875,4.505071640014648,3.9193274974823,0.8399999737739563,,,,,
1060,0.07779999822378159,4.108757019042969,4.195618657831801e-06,-1.5631287097930908,-6.67685079574585,0.987500011920929,5.1137213706970215,-291.5213317871094,-330.33843994140625,5.025495529174805,4.161349296569824,0.8479999899864197,,,,,
1070,0.07360000163316727,7.4303879737854,4.179744337307056e-06,-1.4930654764175415,-7.416109561920166,0.9750000238418579,5.923043727874756,-296.885009765625,-365.91168212890625,5.520760536193848,4.4676971435546875,0.8560000061988831,,,,,
1080,0.07400000095367432,0.8510899543762207,4.163745416008169e-06,-1.338046908378601,-6.347275257110596,0.987500011920929,5.009227752685547,-232.85488891601562,-292.03973388671875,5.4415082931518555,4.274195671081543,0.8640000224113464,,,,,
1090,0.04820000007748604,0.2794918119907379,4.14762280342984e-06,-1.605350136756897,-7.263421535491943,1.0,5.658071517944336,-288.7976379394531,-350.819091796875,4.361596584320068,3.8096299171447754,0.871999979019165,,,,,
1100,0.08020000159740448,11.045823097229004,4.131378773308825e-06,-1.8804996013641357,-7.61624002456665,0.9750000238418579,5.735740661621094,-297.84521484375,-333.9687805175781,4.953310966491699,3.6826999187469482,0.8799999952316284,,,,,
1110,0.09000000357627869,16.025005340576172,4.115013325645123e-06,-1.974108099937439,-7.537270545959473,0.9750000238418579,5.563162803649902,-277.1327209472656,-342.3756408691406,4.972121238708496,3.870746612548828,0.8880000114440918,,,,,
1120,0.08330000191926956,2.7266159057617188,4.098528734175488e-06,-1.578217625617981,-6.682409763336182,0.9750000238418579,5.104192733764648,-295.5771484375,-316.298583984375,4.630293846130371,4.039191246032715,0.8960000276565552,,,,,
1130,0.057999998331069946,2.4457943439483643,4.081925453647273e-06,-1.5390487909317017,-7.596899509429932,0.987500011920929,6.0578508377075195,-340.07159423828125,-370.7227783203125,4.465908527374268,3.7372002601623535,0.9039999842643738,,,,,
1140,0.06909999996423721,2.031052827835083,4.065204848302528e-06,-1.531075119972229,-6.7400922775268555,0.9750000238418579,5.2090163230896,-289.98370361328125,-346.95831298828125,4.483602046966553,3.8452868461608887,0.9120000004768372,,,,,
1150,0.07240000367164612,0.08238370716571808,4.048368282383308e-06,-1.603714942932129,-8.170560836791992,0.9750000238418579,6.566845893859863,-251.8845977783203,-355.686767578125,4.736863136291504,3.489717960357666,0.9200000166893005,,,,,
1160,0.11760000139474869,12.750781059265137,4.031417574879015e-06,-1.696062684059143,-6.793814659118652,0.9375,5.097752571105957,-321.960205078125,-382.76947021484375,4.822728633880615,3.898878812789917,0.9279999732971191,,,,,
1170,0.06300000101327896,0.7028411626815796,4.014352725789649e-06,-1.3606067895889282,-6.871050834655762,0.9750000238418579,5.510444164276123,-248.3759765625,-306.7036437988281,4.987934112548828,4.363099575042725,0.9359999895095825,,,,,
1180,0.0658000037074089,1.6170939207077026,3.997176008851966e-06,-1.636681318283081,-7.376739501953125,0.9750000238418579,5.740057945251465,-293.30047607421875,-345.8432312011719,4.36702823638916,3.5333240032196045,0.9440000057220459,,,,,
1190,0.0925000011920929,8.161578178405762,3.979888333560666e-06,-1.3695122003555298,-6.907574653625488,0.9624999761581421,5.53806209564209,-262.27911376953125,-347.760498046875,4.768347263336182,3.831561326980591,0.9520000219345093,,,,,
1200,0.15399999916553497,2.277553081512451,3.962491064157803e-06,-1.8605449199676514,-7.55051326751709,0.9750000238418579,5.689969062805176,-374.10205078125,-501.752197265625,4.937250137329102,4.022708892822266,0.9599999785423279,,,,,
1210,0.08550000190734863,1.238356590270996,3.944985564885428e-06,-1.7134367227554321,-7.595456123352051,0.9624999761581421,5.882018089294434,-233.11331176757812,-343.7691955566406,5.286355018615723,3.8809261322021484,0.9679999947547913,,,,,
1220,0.06199999898672104,0.11442674696445465,3.9273727452382445e-06,-1.2001945972442627,-7.933102607727051,0.9624999761581421,6.732907295227051,-337.6290588378906,-358.36767578125,3.681400775909424,3.4014689922332764,0.9760000109672546,,,,,
1230,0.031300000846385956,1.2649613618850708,3.909654424205655e-06,-1.825897216796875,-7.823767185211182,1.0,5.997869968414307,-352.93084716796875,-379.6717834472656,4.181549072265625,3.5307037830352783,0.984000027179718,,,,,
1240,0.08590000122785568,1.4349473714828491,3.891831511282362e-06,-1.7624099254608154,-7.6297287940979,0.9624999761581421,5.867318630218506,-310.6004333496094,-355.83001708984375,5.749241828918457,4.882747173309326,0.9919999837875366,,,,,
1250,0.09520000219345093,1.3022613525390625,3.8739058254577685e-06,-1.9900678396224976,-8.028853416442871,0.949999988079071,6.038785457611084,-290.6755676269531,-341.9301452636719,4.7008209228515625,3.486245632171631,1.0,,,,,
1260,0.05350000038743019,0.393314003944397,3.8558778214792255e-06,-1.5985381603240967,-8.67766284942627,0.9750000238418579,7.079124450683594,-371.66302490234375,-400.83746337890625,4.897584438323975,3.780946731567383,1.0080000162124634,,,,,
1270,0.03849999979138374,6.9031219482421875,3.8377497730834875e-06,-1.6617109775543213,-7.537510871887207,1.0,5.875800132751465,-337.81927490234375,-361.09576416015625,5.303831100463867,4.2325286865234375,1.0160000324249268,,,,,
1280,0.03180000185966492,2.0965030193328857,3.819522589765256e-06,-1.6118040084838867,-7.803389072418213,1.0,6.191584587097168,-276.7568664550781,-327.1082763671875,5.322427272796631,4.5579938888549805,1.0240000486373901,,,,,
1290,0.09539999812841415,1.9246373176574707,3.801197408392909e-06,-1.4921258687973022,-7.991782188415527,0.987500011920929,6.499655246734619,-255.98049926757812,-361.63897705078125,5.264936923980713,4.0667877197265625,1.031999945640564,,,,,
1300,0.03009999915957451,0.8890421986579895,3.7827758205821738e-06,-1.472660779953003,-7.621645450592041,0.987500011920929,6.148983955383301,-251.75802612304688,-346.57586669921875,4.490880012512207,4.177764415740967,1.0399999618530273,,,,,
1310,0.04190000146627426,0.4760318100452423,3.7642594179487787e-06,-1.9819667339324951,-8.161048889160156,0.987500011920929,6.179081916809082,-321.3255310058594,-342.7415466308594,4.991670608520508,4.264765739440918,1.0479999780654907,,,,,
1320,0.07779999822378159,1.1300965547561646,3.745649337361101e-06,-1.75307297706604,-7.742519378662109,0.9750000238418579,5.989446640014648,-260.778564453125,-343.6766357421875,5.0672221183776855,4.39408016204834,1.055999994277954,,,,,
1330,0.07500000298023224,6.780027866363525,3.7269469430611935e-06,-1.6857343912124634,-8.401947021484375,0.9750000238418579,6.716213226318359,-295.1984558105469,-340.0699768066406,4.266566276550293,3.596526622772217,1.0640000104904175,,,,,
1340,0.09139999747276306,0.5805111527442932,3.7081535992911085e-06,-1.3682947158813477,-7.272558689117432,0.9750000238418579,5.904263496398926,-268.6053466796875,-346.6764221191406,5.273207664489746,4.7171525955200195,1.0720000267028809,,,,,
1350,0.030300000682473183,1.0917658805847168,3.6892708976665745e-06,-1.7357620000839233,-8.189460754394531,1.0,6.453698635101318,-275.2726745605469,-356.4847106933594,5.235743045806885,4.141621112823486,1.0800000429153442,,,,,
1360,0.07370000332593918,1.5230003595352173,3.6702999750559684e-06,-1.6800882816314697,-8.540163040161133,0.9624999761581421,6.860074043273926,-303.22491455078125,-396.5247497558594,4.601321220397949,3.8604202270507812,1.0880000591278076,,,,,
1370,0.07660000026226044,2.4619033336639404,3.6512424230750185e-06,-1.8087425231933594,-7.676535606384277,0.987500011920929,5.867793560028076,-253.356689453125,-332.0743713378906,5.2257232666015625,4.126296520233154,1.0959999561309814,,,,,
1380,0.020999999716877937,0.4659249782562256,3.632099378592102e-06,-1.3096928596496582,-8.327990531921387,1.0,7.018298149108887,-206.58071899414062,-331.2481689453125,5.482907772064209,4.719901084899902,1.1039999723434448,,,,,
1390,0.048500001430511475,0.6003611087799072,3.612872660596622e-06,-1.3835065364837646,-7.695230960845947,0.987500011920929,6.311724662780762,-253.69815063476562,-321.7109375,4.693803787231445,3.7050514221191406,1.1119999885559082,,,,,
1400,0.09279999881982803,0.549946665763855,3.5935634059569566e-06,-2.0661568641662598,-7.989993095397949,0.9624999761581421,5.923837661743164,-317.66168212890625,-339.06500244140625,4.741734504699707,3.795194625854492,1.1200000047683716,,,,,
1410,0.1527000069618225,2.2692151069641113,3.574173206288833e-06,-1.794208288192749,-7.377835750579834,0.9375,5.583627223968506,-309.8684997558594,-340.4743957519531,4.556410312652588,4.022578239440918,1.128000020980835,,,,,
1420,0.08579999953508377,13.589104652404785,3.5547034258343047e-06,-1.6211349964141846,-7.800820827484131,0.9750000238418579,6.179687023162842,-353.43096923828125,-353.37066650390625,5.452726364135742,4.077504634857178,1.1360000371932983,,,,,
1430,0.040300000458955765,0.6374021768569946,3.535155656209099e-06,-1.4367029666900635,-8.627038955688477,0.987500011920929,7.190335750579834,-268.267333984375,-397.6916198730469,4.485296249389648,4.121045112609863,1.1440000534057617,,,,,
1440,0.04690000042319298,9.953176498413086,3.5155310342815937e-06,-1.7504535913467407,-8.32020092010498,0.987500011920929,6.569746971130371,-293.54486083984375,-408.8623962402344,4.5258612632751465,4.322639465332031,1.1519999504089355,,,,,
1450,0.02850000001490116,0.4010353982448578,3.4958311516675167e-06,-1.516349196434021,-8.481584548950195,0.987500011920929,6.965235710144043,-264.378662109375,-328.9139099121094,5.156512260437012,4.5631232261657715,1.159999966621399,,,,,
1460,0.04390000179409981,2.6503407955169678,3.476057599982596e-06,-1.9855268001556396,-8.797277450561523,0.987500011920929,6.811749458312988,-338.11810302734375,-348.24615478515625,5.015641689300537,4.208392143249512,1.1679999828338623,,,,,
1470,0.07169999927282333,0.7724528312683105,3.456211516095209e-06,-1.5036730766296387,-7.895549774169922,0.987500011920929,6.3918776512146,-271.84869384765625,-340.647705078125,5.12417459487915,4.40983247756958,1.1759999990463257,,,,,
1480,0.05849999934434891,0.2401757389307022,3.436294718994759e-06,-1.3981521129608154,-8.704588890075684,0.9750000238418579,7.306437015533447,-338.3121032714844,-398.8663635253906,4.384970664978027,3.6368000507354736,1.184000015258789,,,,,
1490,0.08810000121593475,0.7299285531044006,3.416308572923299e-06,-1.967217206954956,-7.809378147125244,0.9624999761581421,5.842161178588867,-303.9560546875,-368.39801025390625,5.221198081970215,4.0471954345703125,1.1920000314712524,,,,,
1500,0.01769999973475933,1.00371253490448,3.3962546694965567e-06,-2.0191402435302734,-9.046698570251465,1.0,7.027559757232666,-292.0857849121094,-340.1439514160156,4.9088029861450195,4.175792217254639,1.2000000476837158,,,,,
1510,0.04969999939203262,0.08721054345369339,3.376134372956585e-06,-1.6656252145767212,-8.299295425415039,0.987500011920929,6.633669853210449,-314.8731994628906,-349.526611328125,4.8483171463012695,3.8114781379699707,1.2079999446868896,,,,,
1520,0.09470000118017197,0.026230590417981148,3.3559490475454368e-06,-1.8329570293426514,-8.97623062133789,0.9750000238418579,7.143273830413818,-304.52850341796875,-386.5754699707031,4.5743408203125,4.327901840209961,1.215999960899353,,,,,
1530,0.06369999796152115,1.392606496810913,3.3357002848788397e-06,-1.7299296855926514,-8.278756141662598,0.9750000238418579,6.548825740814209,-269.6739501953125,-338.63525390625,4.798529624938965,4.136357307434082,1.2239999771118164,,,,,
1540,0.08139999955892563,2.67832088470459,3.315389676572522e-06,-1.861234426498413,-8.576292037963867,0.987500011920929,6.715056419372559,-256.6461181640625,-326.0101013183594,4.842138290405273,4.339262962341309,1.2319999933242798,,,,,
1550,0.041200000792741776,0.7844374179840088,3.2950185868685367e-06,-1.560450553894043,-8.824676513671875,0.9750000238418579,7.26422643661499,-340.5773010253906,-372.53643798828125,4.053152084350586,3.3630757331848145,1.2400000095367432,,,,,
1560,0.06710000336170197,0.3607230484485626,3.2745886073826114e-06,-1.9054008722305298,-8.242731094360352,0.987500011920929,6.337330341339111,-362.13397216796875,-345.5448913574219,5.290570259094238,3.9025585651397705,1.2480000257492065,,,,,
1570,0.01730000041425228,0.647415280342102,3.2541013297304744e-06,-1.5934808254241943,-8.89191722869873,1.0,7.298437595367432,-260.00018310546875,-344.21295166015625,5.064791202545166,4.082047462463379,1.25600004196167,,,,,
1580,0.024299999698996544,4.286883354187012,3.2335581181541784e-06,-1.397036075592041,-8.93348503112793,1.0,7.536449432373047,-295.2889709472656,-359.2052307128906,5.005496501922607,4.170034408569336,1.2640000581741333,,,,,
1590,0.05620000138878822,0.5427316427230835,3.2129605642694514e-06,-2.1432175636291504,-8.996885299682617,0.987500011920929,6.853667259216309,-371.51055908203125,-408.6972351074219,4.255876541137695,3.329582691192627,1.2719999551773071,,,,,
1600,0.04780000075697899,6.207668304443359,3.1923102596920216e-06,-1.5560071468353271,-8.175368309020996,0.987500011920929,6.619360446929932,-259.33575439453125,-347.1962890625,5.413410186767578,4.687867164611816,1.2799999713897705,,,,,
1610,0.030700000002980232,4.636125564575195,3.171608796037617e-06,-2.021566390991211,-9.189703941345215,1.0,7.168137550354004,-373.8523864746094,-412.693603515625,4.90379524230957,3.593052387237549,1.2879999876022339,,,,,
1620,0.0560000017285347,0.17422157526016235,3.150857310174615e-06,-1.615110993385315,-9.082731246948242,0.987500011920929,7.467620849609375,-288.73443603515625,-382.41400146484375,4.838497161865234,3.633388042449951,1.2960000038146973,,,,,
1630,0.032499998807907104,0.280518114566803,3.130057621092419e-06,-1.829943299293518,-8.673683166503906,1.0,6.843739986419678,-287.2608337402344,-349.83465576171875,4.9889349937438965,4.368367671966553,1.3040000200271606,,,,,
1640,0.027899999171495438,1.6994799375534058,3.1092115477804327e-06,-1.8175424337387085,-8.825267791748047,1.0,7.007724761962891,-285.29107666015625,-342.6966247558594,5.098677635192871,4.057430744171143,1.312000036239624,,,,,
1650,0.0406000018119812,0.40467485785484314,3.0883199997333577e-06,-1.5851349830627441,-9.036662101745605,0.987500011920929,7.451526641845703,-262.8271789550781,-358.71551513671875,4.441165447235107,4.059144496917725,1.3200000524520874,,,,,
1660,0.021900000050663948,0.3220329284667969,3.067385023314273e-06,-1.5856046676635742,-8.797205924987793,1.0,7.211600303649902,-299.0914306640625,-346.82904052734375,4.822223663330078,4.029845714569092,1.3279999494552612,,,,,
1670,0.03500000014901161,2.0360002517700195,3.0464079827652313e-06,-1.9074809551239014,-9.41636848449707,0.987500011920929,7.508886814117432,-364.463623046875,-402.43646240234375,4.70302677154541,3.9081051349639893,1.3359999656677246,,,,,
1680,0.032999999821186066,0.4679919183254242,3.0253904697019607e-06,-1.8179302215576172,-8.881149291992188,0.987500011920929,7.063218593597412,-314.7796325683594,-345.0573425292969,5.5185394287109375,4.708735466003418,1.343999981880188,,,,,
1690,0.08089999854564667,5.122617721557617,3.0043340757401893e-06,-1.8200206756591797,-8.458539962768555,0.987500011920929,6.638519287109375,-298.97021484375,-350.2237854003906,5.0982561111450195,4.537107467651367,1.3519999980926514,,,,,
1700,0.08619999885559082,0.29026609659194946,2.983240392495645e-06,-1.8445848226547241,-8.642395973205566,0.9750000238418579,6.797811031341553,-298.0542907714844,-374.1604919433594,4.464807987213135,3.8467342853546143,1.3600000143051147,,,,,
1710,0.047200001776218414,0.832585334777832,2.962110784210381e-06,-1.307975172996521,-8.977505683898926,0.9750000238418579,7.669530391693115,-327.8660888671875,-350.6851806640625,4.592010021209717,3.704979419708252,1.3680000305175781,,,,,
1720,0.07020000368356705,0.41312840580940247,2.940946842500125e-06,-1.9135878086090088,-8.728144645690918,0.9750000238418579,6.814557075500488,-338.0985412597656,-346.4640197753906,5.110875129699707,4.2393364906311035,1.3760000467300415,,,,,
1730,0.017899999395012856,0.02767026051878929,2.9197503863542806e-06,-1.5156511068344116,-9.105547904968262,1.0,7.589896202087402,-329.16143798828125,-325.6240539550781,5.5563578605651855,4.528765678405762,1.3839999437332153,,,,,
1740,0.05660000070929527,1.658358097076416,2.8985227800149005e-06,-2.0590593814849854,-8.680620193481445,0.9750000238418579,6.621561527252197,-266.0455322265625,-304.8714904785156,4.436457633972168,3.3057198524475098,1.3919999599456787,,,,,
1750,0.020500000566244125,0.1280878633260727,2.877265842471388e-06,-2.081930637359619,-9.68983268737793,1.0,7.607902526855469,-333.0603942871094,-368.58746337890625,4.240993499755859,3.418391704559326,1.399999976158142,,,,,
1760,0.04809999838471413,4.808671951293945,2.855980710592121e-06,-1.7607011795043945,-9.511964797973633,0.987500011920929,7.7512617111206055,-330.1783142089844,-369.9066162109375,4.587404251098633,3.8728249073028564,1.4079999923706055,,,,,
1770,0.029600000008940697,0.05100918561220169,2.834669203366502e-06,-1.641606330871582,-8.740484237670898,0.987500011920929,7.098878383636475,-270.02813720703125,-325.92889404296875,4.870014667510986,3.991464614868164,1.4160000085830688,,,,,
1780,0.04129999876022339,0.8371071219444275,2.8133331397839356e-06,-2.2930238246917725,-9.61501693725586,0.987500011920929,7.321993350982666,-322.7303161621094,-354.54827880859375,5.222222328186035,4.385612487792969,1.4240000247955322,,,,,
1790,0.03440000116825104,1.0746504068374634,2.7919736567127984e-06,-2.2241921424865723,-8.984498023986816,1.0,6.760306358337402,-297.6127014160156,-366.25250244140625,4.5948567390441895,3.9806015491485596,1.4320000410079956,,,,,
1800,0.05490000173449516,1.010799527168274,2.770592573142494e-06,-1.2889103889465332,-7.9814629554748535,0.9750000238418579,6.692552089691162,-253.81387329101562,-307.3646240234375,5.168050765991211,4.062066078186035,1.440000057220459,,,,,
1810,0.07429999858140945,1.3859033584594727,2.7491914806887507e-06,-1.813166856765747,-7.657347202301025,0.9750000238418579,5.844181060791016,-276.93505859375,-336.1827392578125,4.684299468994141,3.8000831604003906,1.4479999542236328,,,,,
1820,0.039000000804662704,0.25126025080680847,2.7277719709672965e-06,-1.7034276723861694,-9.090204238891602,0.987500011920929,7.386775970458984,-354.13507080078125,-371.2120361328125,5.065382957458496,3.909292697906494,1.4559999704360962,,,,,
1830,0.045499999076128006,0.13427221775054932,2.706335408220184e-06,-1.4482300281524658,-8.520219802856445,0.987500011920929,7.071988582611084,-304.947509765625,-353.8866271972656,5.576998233795166,4.318164825439453,1.4639999866485596,,,,,
1840,0.16599999368190765,0.22721345722675323,2.6848838388104923e-06,-1.597347617149353,-8.710569381713867,0.9624999761581421,7.113221645355225,-243.07894897460938,-474.6737365722656,4.741124153137207,4.803900718688965,1.472000002861023,,,,,
1850,0.028300000354647636,3.4978175163269043,2.6634183996065985e-06,-1.589116096496582,-8.104081153869629,1.0,6.514965057373047,-269.49530029296875,-314.25531005859375,5.775444030761719,4.903161525726318,1.4800000190734863,,,,,
1860,0.07620000094175339,4.235480785369873,2.6419409095979063e-06,-1.844437837600708,-8.848734855651855,0.987500011920929,7.00429630279541,-279.5813903808594,-330.9816589355469,5.100704193115234,4.0754241943359375,1.4880000352859497,,,,,
1870,0.025100000202655792,0.2991968095302582,2.620452733026468e-06,-2.115947961807251,-9.171343803405762,0.987500011920929,7.055395603179932,-308.54718017578125,-373.76025390625,5.452274322509766,4.6810832023620605,1.496000051498413,,,,,
1880,0.08739999681711197,0.29762697219848633,2.5989559162553633e-06,-1.9528188705444336,-8.080205917358398,0.9750000238418579,6.127386569976807,-341.9128723144531,-331.32525634765625,4.925958156585693,3.7355129718780518,1.503999948501587,,,,,
1890,0.05770000070333481,3.382331609725952,2.5774515961529687e-06,-1.4163548946380615,-9.203760147094727,0.9750000238418579,7.787405490875244,-270.5947570800781,-349.2611999511719,4.7879862785339355,3.974605083465576,1.5119999647140503,,,,,
1900,0.08320000022649765,0.23336482048034668,2.555941591708688e-06,-1.7057459354400635,-8.825357437133789,0.987500011920929,7.119612216949463,-238.7374267578125,-313.5224914550781,5.241807460784912,4.235987186431885,1.5199999809265137,,,,,
1910,0.037700001150369644,0.4664440453052521,2.534427267164574e-06,-1.7110799551010132,-8.928937911987305,0.987500011920929,7.217857360839844,-311.88897705078125,-376.16912841796875,5.143205165863037,4.2691521644592285,1.527999997138977,,,,,
1920,0.035599999129772186,2.8296163082122803,2.5129106688837055e-06,-1.6783618927001953,-9.17333984375,0.987500011920929,7.4949774742126465,-253.75634765625,-359.5245361328125,5.397273063659668,4.75113582611084,1.5360000133514404,,,,,
1930,0.03269999846816063,0.3472411036491394,2.49139293373446e-06,-1.480680227279663,-8.582237243652344,1.0,7.10155725479126,-283.9061584472656,-338.5190734863281,5.242759704589844,4.064889430999756,1.5440000295639038,,,,,
1940,0.030500000342726707,0.10437098145484924,2.4698758807062404e-06,-1.8341392278671265,-8.73759651184082,1.0,6.9034576416015625,-215.9502410888672,-321.9176940917969,5.438921928405762,4.514205455780029,1.5520000457763672,,,,,
1950,0.05090000107884407,0.1515701562166214,2.4483611014147755e-06,-2.05087947845459,-9.039281845092773,0.9624999761581421,6.988402366638184,-246.2170867919922,-310.6127014160156,5.447868347167969,4.473759651184082,1.559999942779541,,,,,
1960,0.05950000137090683,5.66169548034668,2.4268499601021176e-06,-1.5482553243637085,-9.836703300476074,0.9750000238418579,8.288447380065918,-319.2845458984375,-411.69659423828125,5.0816755294799805,3.928497791290283,1.5679999589920044,,,,,
1970,0.0203000009059906,0.233535498380661,2.405344503131346e-06,-1.6862764358520508,-9.27064323425293,1.0,7.584366798400879,-262.2592468261719,-369.7897033691406,5.699275493621826,4.041330337524414,1.5759999752044678,,,,,
1980,0.024900000542402267,0.500385582447052,2.3838458673708374e-06,-1.6289218664169312,-9.297388076782227,1.0,7.668467044830322,-327.1813659667969,-392.12945556640625,4.529972553253174,3.8309788703918457,1.5839999914169312,,,,,
1990,0.06759999692440033,0.9782969951629639,2.3623558718099957e-06,-1.879930853843689,-9.058237075805664,0.9750000238418579,7.178306579589844,-301.6833190917969,-352.38311767578125,4.8073320388793945,3.918656587600708,1.5920000076293945,,,,,
2000,0.025499999523162842,0.17772729694843292,2.3408763354382245e-06,-1.4996211528778076,-8.474546432495117,0.987500011920929,6.974925994873047,-236.36422729492188,-274.19000244140625,5.3016767501831055,4.134345531463623,1.600000023841858,,,,,
2010,0.031700000166893005,0.24222929775714874,2.3194081677502254e-06,-1.7987943887710571,-9.301301002502441,0.987500011920929,7.502507209777832,-264.05169677734375,-347.1611328125,5.3416337966918945,4.580790996551514,1.6080000400543213,,,,,
2020,0.019200000911951065,0.176437646150589,2.297953642482753e-06,-1.7937819957733154,-9.368120193481445,1.0,7.574337959289551,-303.69403076171875,-348.4090881347656,5.221852779388428,4.497198104858398,1.6160000562667847,,,,,
2030,0.02459999918937683,0.2396283745765686,2.2765141238778597e-06,-1.9298675060272217,-9.849724769592285,0.987500011920929,7.919857025146484,-285.94952392578125,-346.864013671875,4.278451442718506,3.7809548377990723,1.6239999532699585,,,,,
2040,0.06270000338554382,0.7718697786331177,2.2550909761775983e-06,-1.5364993810653687,-8.990495681762695,0.9750000238418579,7.453995704650879,-299.47979736328125,-350.593994140625,4.755300521850586,4.310790061950684,1.6319999694824219,,,,,
2050,0.021800000220537186,0.581884503364563,2.2336860183713725e-06,-1.1223523616790771,-8.37662124633789,1.0,7.254269599914551,-208.13412475585938,-280.2651672363281,5.019959449768066,4.249504566192627,1.6399999856948853,,,,,
2060,0.04450000077486038,4.736255645751953,2.21230084207491e-06,-1.2424249649047852,-8.837747573852539,0.9750000238418579,7.595322608947754,-227.5733642578125,-342.09356689453125,4.927779674530029,4.226077079772949,1.6480000019073486,,,,,
2070,0.052400000393390656,1.7913148403167725,2.1909370389039395e-06,-1.6105129718780518,-9.176528930664062,0.9750000238418579,7.56601619720459,-271.330322265625,-359.8691711425781,5.9822282791137695,4.362490653991699,1.656000018119812,,,,,
2080,0.06830000132322311,1.2478797435760498,2.1695959731005132e-06,-1.8372411727905273,-9.859125137329102,0.9750000238418579,8.021883010864258,-280.7732238769531,-333.5765075683594,4.90175724029541,4.243349552154541,1.6640000343322754,,,,,
2090,0.041600000113248825,3.2710013389587402,2.1482794636540348e-06,-1.8489643335342407,-9.113127708435059,0.987500011920929,7.264163017272949,-293.79779052734375,-376.9848327636719,5.170604228973389,3.9670047760009766,1.6720000505447388,,,,,
2100,0.045899998396635056,0.04977110028266907,2.1269891021802323e-06,-1.7434027194976807,-9.662353515625,0.987500011920929,7.91895055770874,-291.22503662109375,-337.94818115234375,4.824099063873291,4.314554214477539,1.6799999475479126,,,,,
2110,0.032600000500679016,0.70550936460495,2.1057262529211584e-06,-2.18232798576355,-9.560949325561523,0.987500011920929,7.378621578216553,-287.08770751953125,-341.9298400878906,5.735202312469482,5.016664981842041,1.687999963760376,,,,,
2120,0.0560000017285347,2.48905873298645,2.0844927348662168e-06,-1.6869633197784424,-8.194086074829102,0.9750000238418579,6.5071234703063965,-328.33917236328125,-330.6473388671875,4.613677501678467,3.7755653858184814,1.6959999799728394,,,,,
2130,0.053599998354911804,2.7441606521606445,2.06328991225746e-06,-2.0513486862182617,-9.274076461791992,0.9750000238418579,7.222729682922363,-317.04559326171875,-340.810546875,5.038589954376221,4.406861782073975,1.7039999961853027,,,,,
2140,0.07450000196695328,2.3060543537139893,2.042119376710616e-06,-1.5720038414001465,-9.45750617980957,0.9624999761581421,7.885500907897949,-268.699462890625,-378.4526672363281,4.9404778480529785,4.329278945922852,1.7120000123977661,,,,,
2150,0.07100000232458115,7.9856109619140625,2.020982719841413e-06,-1.5132170915603638,-9.339859008789062,0.9750000238418579,7.826641082763672,-301.45135498046875,-364.84368896484375,5.263406753540039,4.453822135925293,1.7200000286102295,,,,,
2160,0.06509999930858612,0.35233816504478455,1.999881760639255e-06,-1.4650402069091797,-9.469538688659668,0.987500011920929,8.004499435424805,-283.85919189453125,-368.38226318359375,4.95565128326416,4.473177909851074,1.7280000448226929,,,,,
2170,0.053599998354911804,0.9748199582099915,1.9788176359725185e-06,-1.99772047996521,-8.829276084899902,0.9750000238418579,6.831555366516113,-323.38226318359375,-388.9766845703125,5.016774654388428,4.4317426681518555,1.7359999418258667,,,,,
2180,0.02930000051856041,3.573377847671509,1.957792392204283e-06,-1.7830253839492798,-8.523275375366211,1.0,6.7402496337890625,-240.5370635986328,-314.24603271484375,5.261771202087402,4.177176475524902,1.74399995803833,,,,,
2190,0.023900000378489494,1.3259949684143066,1.9368069388292497e-06,-1.9345743656158447,-9.668728828430176,1.0,7.734153747558594,-324.8963317871094,-348.76409912109375,4.786837577819824,4.159830093383789,1.7519999742507935,,,,,
2200,0.029100000858306885,0.4710899293422699,1.9158635495841736e-06,-1.9330377578735352,-9.673776626586914,0.987500011920929,7.740739345550537,-313.89508056640625,-354.57684326171875,5.064146041870117,4.04740571975708,1.7599999904632568,,,,,
2210,0.020999999716877937,0.9606871008872986,1.894963247650594e-06,-2.1931471824645996,-10.15648078918457,1.0,7.963334083557129,-259.4589538574219,-360.31756591796875,5.1401495933532715,4.284882545471191,1.7680000066757202,,,,,
2220,0.02810000069439411,1.3689579963684082,1.8741078520179144e-06,-1.5013688802719116,-9.0322847366333,1.0,7.5309157371521,-302.5743103027344,-359.85333251953125,4.911175727844238,3.9147772789001465,1.7760000228881836,,,,,
2230,0.03610000014305115,2.958723306655884,1.8532988406150253e-06,-1.6405109167099,-9.283912658691406,0.987500011920929,7.643401145935059,-251.05111694335938,-342.2185974121094,5.719038963317871,4.3760809898376465,1.784000039100647,,,,,
2240,0.007899999618530273,0.3174174129962921,1.832537691370817e-06,-1.5772005319595337,-9.572675704956055,1.0,7.995475769042969,-249.75439453125,-334.46044921875,4.906230926513672,3.967944383621216,1.7920000553131104,,,,,
2250,0.03739999979734421,3.4710891246795654,1.8118259959010174e-06,-1.7265018224716187,-8.974813461303711,0.987500011920929,7.248311519622803,-257.18701171875,-319.64923095703125,4.901074409484863,4.149222373962402,1.7999999523162842,,,,,
2260,0.08879999816417694,0.3432823717594147,1.7911652321345173e-06,-1.8624727725982666,-9.017243385314941,0.9750000238418579,7.154770851135254,-292.84326171875,-374.8031311035156,5.251667022705078,4.195162773132324,1.8079999685287476,,,,,
2270,0.02850000001490116,0.10616493225097656,1.7705569916870445e-06,-1.3310506343841553,-9.492724418640137,0.9750000238418579,8.161674499511719,-256.64801025390625,-307.54998779296875,5.275736331939697,3.9957122802734375,1.815999984741211,,,,,
2280,0.047200001776218414,1.2089287042617798,1.7500028661743272e-06,-1.8220369815826416,-9.657869338989258,0.9750000238418579,7.835832118988037,-299.2977600097656,-329.88946533203125,4.710616111755371,3.927264451980591,1.8240000009536743,,,,,
2290,0.04879999905824661,0.4141467809677124,1.729504219838418e-06,-1.8210735321044922,-9.467531204223633,0.9624999761581421,7.646459102630615,-239.392822265625,-332.59600830078125,5.407132148742676,3.9116692543029785,1.8320000171661377,,,,,
2300,0.03440000116825104,2.790306568145752,1.709062757981883e-06,-1.3469951152801514,-8.370248794555664,0.987500011920929,7.023253440856934,-304.86285400390625,-314.72265625,4.5146965980529785,3.965761661529541,1.840000033378601,,,,,
2310,0.04910000041127205,8.470670700073242,1.6886798448467744e-06,-1.6969093084335327,-8.425614356994629,0.9750000238418579,6.728704929351807,-239.7852783203125,-277.4098205566406,5.038550853729248,4.273460865020752,1.8480000495910645,,,,,
2320,0.043699998408555984,1.4345043897628784,1.6683569583619828e-06,-1.219446063041687,-8.93586254119873,0.987500011920929,7.716416835784912,-281.9677734375,-325.0875244140625,5.426022529602051,4.572524070739746,1.8559999465942383,,,,,
2330,0.039400000125169754,0.020929604768753052,1.6480958038300741e-06,-1.5802123546600342,-10.001306533813477,0.987500011920929,8.42109489440918,-294.21258544921875,-367.94744873046875,4.4206013679504395,3.6494338512420654,1.8639999628067017,,,,,
2340,0.04569999873638153,2.068897008895874,1.6278976318062632e-06,-2.2404379844665527,-9.373353004455566,0.987500011920929,7.1329145431518555,-318.07757568359375,-377.3895568847656,5.5976338386535645,4.591494560241699,1.871999979019165,,,,,
2350,0.0617000013589859,0.24386025965213776,1.607764147593116e-06,-1.8599786758422852,-9.512066841125488,0.9750000238418579,7.6520891189575195,-326.31060791015625,-374.3447570800781,4.7793097496032715,4.19337272644043,1.8799999952316284,,,,,
2360,0.0723000019788742,14.27288818359375,1.5876967154326849e-06,-1.882139801979065,-9.478035926818848,0.987500011920929,7.595895290374756,-310.2484130859375,-350.56134033203125,5.120429039001465,4.372791767120361,1.8880000114440918,,,,,
2370,0.03139999881386757,0.9229871034622192,1.5676969269406982e-06,-1.8312158584594727,-10.360285758972168,1.0,8.529069900512695,-348.82659912109375,-377.2944030761719,4.756110191345215,3.8863883018493652,1.8960000276565552,,,,,
2380,0.028699999675154686,0.2493080198764801,1.5477661463592085e-06,-1.463545322418213,-9.184048652648926,0.987500011920929,7.7205023765563965,-262.7676696777344,-330.9122619628906,5.589470863342285,4.638308048248291,1.9040000438690186,,,,,
2390,0.09120000153779984,0.3435959815979004,1.527905965303944e-06,-1.7787069082260132,-9.081826210021973,0.9750000238418579,7.303118705749512,-290.7772521972656,-303.7210388183594,5.05321741104126,4.670453071594238,1.9119999408721924,,,,,
2400,0.043800000101327896,0.8375106453895569,1.5081177480169572e-06,-2.0107741355895996,-8.792418479919434,0.987500011920929,6.781644344329834,-313.4082946777344,-326.50494384765625,5.121633052825928,4.368086814880371,1.9199999570846558,,,,,
2410,0.023000000044703484,0.0611012764275074,1.4884030861139763e-06,-1.933335304260254,-10.436681747436523,1.0,8.50334644317627,-325.1168212890625,-397.0096435546875,4.791778087615967,3.9541308879852295,1.9279999732971191,,,,,
2420,0.014999999664723873,0.3001534640789032,1.4687632301502163e-06,-1.9297813177108765,-9.784281730651855,1.0,7.854501247406006,-302.28924560546875,-360.6867370605469,5.289492607116699,4.244988918304443,1.9359999895095825,,,,,
2430,0.03739999979734421,1.1207847595214844,1.4491998854282429e-06,-2.0266754627227783,-9.861750602722168,0.987500011920929,7.835075378417969,-277.08062744140625,-367.2613830566406,5.532665252685547,4.5471062660217285,1.944000005722046,,,,,
2440,0.02889999933540821,1.614304542541504,1.4297144161901088e-06,-1.695875883102417,-9.393657684326172,1.0,7.697781562805176,-248.7001953125,-352.50286865234375,4.824577808380127,3.9328041076660156,1.9520000219345093,,,,,
2450,0.04610000178217888,0.5884333252906799,1.4103080729910289e-06,-1.8882849216461182,-9.211231231689453,0.9750000238418579,7.322946071624756,-269.2680969238281,-304.6837463378906,5.336123466491699,4.2428083419799805,1.9600000381469727,,,,,
2460,0.029999999329447746,1.662437915802002,1.3909825611335691e-06,-1.5280958414077759,-9.840106964111328,0.9750000238418579,8.312009811401367,-251.47586059570312,-353.5873718261719,4.720883846282959,4.200222492218018,1.968000054359436,,,,,
2470,0.06620000302791595,11.698180198669434,1.371739244859782e-06,-1.9020541906356812,-9.07396411895752,0.9624999761581421,7.171910285949707,-275.7338562011719,-324.8028259277344,5.078010559082031,4.346484184265137,1.9759999513626099,,,,,
2480,0.06210000067949295,3.0319066047668457,1.3525794884117204e-06,-1.4367754459381104,-8.103582382202148,0.987500011920929,6.666806697845459,-235.66732788085938,-326.34820556640625,4.821116924285889,4.330109119415283,1.9839999675750732,,,,,
2490,0.023099999874830246,2.3727262020111084,1.3335046560314368e-06,-1.8089386224746704,-9.749106407165527,1.0,7.940167427062988,-230.4228973388672,-317.9884948730469,5.433433532714844,4.3443989753723145,1.9919999837875366,,,,,
2500,0.031700000166893005,0.47896608710289,1.3145163393346593e-06,-1.5403153896331787,-9.486053466796875,0.987500011920929,7.945738315582275,-261.0054016113281,-375.0640563964844,5.2750563621521,4.216030120849609,2.0,,,,,
2510,0.011699999682605267,0.23749274015426636,1.2956157888766029e-06,-1.5490731000900269,-10.473820686340332,1.0,8.9247465133667,-273.52630615234375,-351.99102783203125,5.1649909019470215,4.514653205871582,2.007999897003174,,,,,
2520,0.020400000736117363,0.809123158454895,1.276804482586158e-06,-1.6300468444824219,-9.701662063598633,1.0,8.071614265441895,-308.9236755371094,-362.2777099609375,4.437866687774658,3.405151844024658,2.0160000324249268,,,,,
2530,0.04259999841451645,12.260255813598633,1.2580837847053772e-06,-1.5011677742004395,-9.93039608001709,0.987500011920929,8.429227828979492,-314.7134704589844,-365.1541748046875,4.988799095153809,4.182958126068115,2.0239999294281006,,,,,
2540,0.01850000023841858,0.4248802661895752,1.239455173163151e-06,-1.7301470041275024,-9.742403984069824,1.0,8.012256622314453,-353.52105712890625,-397.5713806152344,5.0936102867126465,4.118574142456055,2.0320000648498535,,,,,
2550,0.06750000268220901,1.3917396068572998,1.2209197848278563e-06,-1.883164405822754,-10.282862663269043,0.9750000238418579,8.399698257446289,-252.21273803710938,-343.01702880859375,4.959465980529785,4.247265815734863,2.0399999618530273,,,,,
2560,0.05979999899864197,0.12082377076148987,1.2024792113152216e-06,-1.940988540649414,-8.808818817138672,0.9750000238418579,6.8678297996521,-303.29400634765625,-310.8206787109375,5.100172996520996,4.764193534851074,2.0480000972747803,,,,,
2570,0.07039999961853027,13.974583625793457,1.1841348168672994e-06,-1.8855865001678467,-8.69057559967041,0.9750000238418579,6.804987907409668,-317.64306640625,-351.0304870605469,5.503554344177246,4.554174900054932,2.055999994277954,,,,,
2580,0.06440000236034393,1.7186567783355713,1.1658878520393046e-06,-2.0501527786254883,-9.134285926818848,0.9624999761581421,7.084131717681885,-343.9664001464844,-367.3956298828125,4.719792366027832,4.194189548492432,2.063999891281128,,,,,
2590,0.094200000166893,0.29561325907707214,1.1477397947601276e-06,-2.169747829437256,-9.503931045532227,0.9624999761581421,7.3341827392578125,-333.86956787109375,-354.890380859375,4.995268821716309,3.8835349082946777,2.072000026702881,,,,,
2600,0.03139999881386757,0.7154878973960876,1.1296917818981456e-06,-2.233647584915161,-10.019428253173828,0.987500011920929,7.785780906677246,-278.0023498535156,-347.29364013671875,5.911416053771973,4.609739303588867,2.0799999237060547,,,,,
2610,0.09019999951124191,1.337563157081604,1.1117454050690867e-06,-1.7955913543701172,-9.447249412536621,0.9624999761581421,7.651658058166504,-269.400146484375,-315.06402587890625,4.854897975921631,4.017353057861328,2.0880000591278076,,,,,
2620,0.09059999883174896,506.2323303222656,1.0939018011413282e-06,-1.9130712747573853,-9.700222969055176,0.9750000238418579,7.787152290344238,-330.5711364746094,-508.06109619140625,4.965786933898926,4.2625579833984375,2.0959999561309814,,,,,
2630,0.017799999564886093,0.8961076736450195,1.0761624480437604e-06,-1.482739806175232,-8.696141242980957,1.0,7.213400840759277,-210.077392578125,-282.62066650390625,4.966334819793701,4.6009321212768555,2.1040000915527344,,,,,
2640,0.026399999856948853,1.156703233718872,1.0585284826447605e-06,-1.3927186727523804,-9.542558670043945,1.0,8.149840354919434,-261.6794128417969,-352.362548828125,4.512651443481445,4.21724796295166,2.111999988555908,,,,,
2650,0.03449999913573265,0.12465953826904297,1.041001382873219e-06,-1.5471136569976807,-9.226346969604492,0.987500011920929,7.679233551025391,-274.620849609375,-325.6116943359375,5.188780307769775,4.319043159484863,2.119999885559082,,,,,
2660,0.0210999995470047,0.17115691304206848,1.023582285597513e-06,-1.6716375350952148,-10.011240005493164,1.0,8.33960247039795,-316.9251708984375,-328.8735046386719,5.1178717613220215,4.630178928375244,2.128000020980835,,,,,
2670,0.026900000870227814,0.05576254427433014,1.0062726687465329e-06,-1.5570882558822632,-9.544941902160645,0.987500011920929,7.98785400390625,-281.3774719238281,-358.273193359375,4.917336940765381,4.214451789855957,2.135999917984009,,,,,
2680,0.02070000022649765,2.0910985469818115,9.890735555018182e-07,-2.1938490867614746,-10.367197036743164,1.0,8.173348426818848,-320.8630065917969,-360.5377197265625,5.169060707092285,4.339478492736816,2.1440000534057617,,,,,
2690,0.02539999969303608,1.8745391368865967,9.71986537479097e-07,-1.7142502069473267,-9.951146125793457,1.0,8.236895561218262,-293.7078857421875,-367.8394775390625,5.524278163909912,4.4451093673706055,2.1519999504089355,,,,,
2700,0.02199999988079071,0.7409607768058777,9.550126378599089e-07,-1.9262402057647705,-9.909778594970703,0.987500011920929,7.9835381507873535,-266.8301696777344,-347.04437255859375,4.863877296447754,4.168467044830322,2.1600000858306885,,,,,
2710,0.04349999874830246,0.03172348067164421,9.381531640428875e-07,-2.032172679901123,-9.850015640258789,0.987500011920929,7.81784200668335,-316.05474853515625,-350.47412109375,4.730648040771484,4.109015941619873,2.1679999828338623,,,,,
2720,0.06589999794960022,4.56076192855835,9.214094234266668e-07,-1.914404273033142,-10.110386848449707,0.9750000238418579,8.195981979370117,-294.27728271484375,-375.56591796875,5.0356950759887695,4.130661964416504,2.1760001182556152,,,,,
2730,0.019899999722838402,1.821974754333496,9.047826665664616e-07,-1.6602245569229126,-9.648159980773926,1.0,7.9879350662231445,-349.34222412109375,-393.2756652832031,4.524346351623535,3.793757915496826,2.184000015258789,,,,,
2740,0.018799999728798866,1.0417698621749878,8.882740303306491e-07,-1.775618314743042,-9.634510040283203,1.0,7.858892917633057,-320.2247314453125,-358.025146484375,5.271337032318115,4.056468963623047,2.191999912261963,,,,,
2750,0.03150000050663948,0.0718764215707779,8.718848221178632e-07,-1.3643966913223267,-8.914941787719727,0.987500011920929,7.550545692443848,-271.61920166015625,-320.11663818359375,5.401601314544678,4.549399375915527,2.200000047683716,,,,,
2760,0.07090000063180923,5.367878437042236,8.556162356399e-07,-1.4182116985321045,-9.118234634399414,0.987500011920929,7.7000226974487305,-253.42965698242188,-337.2206115722656,5.00521183013916,4.549332618713379,2.2079999446868896,,,,,
2770,0.045499999076128006,1.842232346534729,8.394694646085554e-07,-1.9804389476776123,-9.806151390075684,0.9624999761581421,7.82571268081665,-354.13873291015625,-354.35894775390625,5.112695217132568,4.288804531097412,2.2160000801086426,,,,,
2780,0.02850000001490116,0.03298744931817055,8.234456458922068e-07,-1.8252004384994507,-9.913078308105469,1.0,8.087878227233887,-312.4485778808594,-383.7576599121094,5.155673027038574,4.316050052642822,2.2239999771118164,,,,,
2790,0.037700001150369644,2.615999221801758,8.075460868894879e-07,-1.7915313243865967,-9.321528434753418,0.987500011920929,7.5299973487854,-299.7492980957031,-353.54754638671875,4.9908127784729,3.918844223022461,2.2320001125335693,,,,,
2800,0.09549999982118607,0.6494590044021606,7.91771924468776e-07,-1.5940650701522827,-9.591772079467773,0.9750000238418579,7.997706413269043,-318.413330078125,-365.4649658203125,4.856385231018066,3.921855926513672,2.240000009536743,,,,,
2810,0.025299999862909317,0.1636519581079483,7.761242954984482e-07,-1.661841630935669,-9.990257263183594,0.987500011920929,8.328414916992188,-286.0523986816406,-328.2898864746094,5.556046485900879,4.557070255279541,2.247999906539917,,,,,
2820,0.040699999779462814,1.8468486070632935,7.606043368468818e-07,-1.4809728860855103,-9.63416862487793,0.987500011920929,8.153194427490234,-302.00103759765625,-370.0257263183594,5.020440578460693,3.882805347442627,2.25600004196167,,,,,
2830,0.04899999871850014,0.08018705248832703,7.452132990692917e-07,-1.4968910217285156,-9.516179084777832,0.9750000238418579,8.019287109375,-301.4832458496094,-375.5224609375,4.971755027770996,4.124382972717285,2.2639999389648438,,,,,
2840,0.013199999928474426,0.007653755135834217,7.299522053472174e-07,-1.6324164867401123,-10.218228340148926,1.0,8.585810661315918,-271.2483825683594,-359.9662170410156,5.484478950500488,4.364846706390381,2.2720000743865967,,,,,
2850,0.03480000048875809,2.400996685028076,7.14822249392455e-07,-1.7750422954559326,-9.838216781616211,0.987500011920929,8.063173294067383,-246.46566772460938,-337.03338623046875,5.321432113647461,4.918109893798828,2.2799999713897705,,,,,
2860,0.03060000017285347,0.14610357582569122,6.998245680733817e-07,-1.7767515182495117,-9.646970748901367,0.987500011920929,7.870220184326172,-257.0762634277344,-363.05303955078125,4.948605060577393,4.377062797546387,2.2880001068115234,,,,,
2870,0.029200000688433647,0.05163952708244324,6.849602414149558e-07,-1.9878501892089844,-9.363409996032715,1.0,7.3755598068237305,-258.43499755859375,-321.82012939453125,5.205246925354004,4.2563581466674805,2.2960000038146973,,,,,
2880,0.05730000138282776,0.07580725848674774,6.702303494421358e-07,-1.7514622211456299,-9.585886001586914,0.9750000238418579,7.834424018859863,-313.5403137207031,-336.06689453125,4.959707736968994,4.34849739074707,2.303999900817871,,,,,
2890,0.049300000071525574,0.3549634516239166,6.556360290232988e-07,-2.0349130630493164,-9.44675064086914,0.9750000238418579,7.411838531494141,-311.70721435546875,-339.8053283691406,5.199155330657959,4.251211643218994,2.312000036239624,,,,,
2900,0.032099999487400055,1.9969637393951416,6.411783601834031e-07,-1.6777915954589844,-9.006088256835938,1.0,7.328296661376953,-316.9759826660156,-355.4403076171875,5.117194175720215,4.425042629241943,2.319999933242798,,,,,
2910,0.0348999984562397,0.31425485014915466,6.268583661039884e-07,-1.835807204246521,-9.546849250793457,0.987500011920929,7.711041450500488,-272.7185974121094,-377.32708740234375,5.252507209777832,4.5539231300354,2.328000068664551,,,,,
2920,0.048500001430511475,0.7004930973052979,6.126771836534317e-07,-1.7665064334869385,-9.809133529663086,0.987500011920929,8.042627334594727,-261.94580078125,-349.2939758300781,5.235312461853027,4.457701683044434,2.3359999656677246,,,,,
2930,0.026399999856948853,1.672059416770935,5.986357791698538e-07,-2.0346057415008545,-9.932278633117676,1.0,7.8976731300354,-287.1939392089844,-349.3025817871094,4.768341541290283,3.997990369796753,2.3440001010894775,,,,,
2940,0.0568000003695488,0.7108144760131836,5.847352326782129e-07,-1.6898225545883179,-9.53996753692627,0.9750000238418579,7.850144863128662,-308.7477111816406,-364.1242370605469,5.53929328918457,4.785722255706787,2.3519999980926514,,,,,
2950,0.014600000344216824,0.3027518391609192,5.709765673600486e-07,-1.3478610515594482,-9.3689603805542,1.0,8.021099090576172,-260.5950622558594,-315.5841979980469,5.490480422973633,4.760696887969971,2.359999895095825,,,,,
2960,0.01769999973475933,0.055745210498571396,5.573608063969004e-07,-1.9596019983291626,-10.370622634887695,1.0,8.411022186279297,-288.59576416015625,-375.7638244628906,4.86229944229126,3.747573137283325,2.368000030517578,,,,,
2970,0.016599999740719795,0.4962427020072937,5.438889729703078e-07,-1.5248390436172485,-8.995058059692383,1.0,7.470218658447266,-220.7182159423828,-319.55755615234375,5.174008369445801,4.563042163848877,2.375999927520752,,,,,
2980,0.018699999898672104,0.17550106346607208,5.305620334183914e-07,-1.5724093914031982,-10.040128707885742,0.987500011920929,8.467719078063965,-303.4167785644531,-348.2972106933594,5.405232906341553,4.613393783569336,2.384000062942505,,,,,
2990,0.025200000032782555,0.5151789784431458,5.173810109226906e-07,-2.134769916534424,-10.371011734008789,1.0,8.23624038696289,-354.69134521484375,-366.9926452636719,4.2117600440979,3.834735870361328,2.3919999599456787,,,,,
3000,0.024299999698996544,0.45102328062057495,5.043468718213262e-07,-1.857860803604126,-9.833500862121582,0.987500011920929,7.975640296936035,-242.6678466796875,-312.42437744140625,5.453246116638184,4.366910457611084,2.4000000953674316,,,,,
3010,0.02850000001490116,0.7519028782844543,4.914605824524187e-07,-1.5504330396652222,-9.954073905944824,0.987500011920929,8.403640747070312,-255.69705200195312,-364.8106384277344,5.851576328277588,5.007501602172852,2.4079999923706055,,,,,
3020,0.04349999874830246,1.5093272924423218,4.7872305231067e-07,-1.8818590641021729,-9.908098220825195,0.9750000238418579,8.026239395141602,-268.3243103027344,-321.7894592285156,5.261876583099365,4.593203067779541,2.4159998893737793,,,,,
3030,0.047200001776218414,0.6326994895935059,4.661352761559101e-07,-1.6123781204223633,-8.754603385925293,0.987500011920929,7.142224311828613,-223.36630249023438,-296.9471740722656,5.169732093811035,4.354626655578613,2.4240000247955322,,,,,
3040,0.011500000022351742,0.31921541690826416,4.5369816348284076e-07,-1.685600996017456,-9.941431999206543,1.0,8.255830764770508,-299.6873779296875,-369.06671142578125,5.694521427154541,4.330878257751465,2.431999921798706,,,,,
3050,0.01269999984651804,0.2618446350097656,4.414126522078732e-07,-1.8735182285308838,-9.910429000854492,0.987500011920929,8.036909103393555,-276.31317138671875,-350.46905517578125,4.901601314544678,4.333974361419678,2.440000057220459,,,,,
3060,0.06539999693632126,0.12642203271389008,4.2927965182570915e-07,-1.5610021352767944,-9.742208480834961,0.9750000238418579,8.181207656860352,-271.02166748046875,-331.5013427734375,5.427633285522461,4.4982590675354,2.447999954223633,,,,,
3070,0.024700000882148743,0.14146585762500763,4.1730007183105045e-07,-1.4809881448745728,-10.595144271850586,0.987500011920929,9.114155769348145,-289.036376953125,-344.49163818359375,4.967234134674072,4.236364364624023,2.4560000896453857,,,,,
3080,0.057999998331069946,1.1297450065612793,4.0547473645347054e-07,-1.8737001419067383,-9.355690956115723,0.9750000238418579,7.481991767883301,-285.35784912109375,-335.19622802734375,4.705533027648926,4.188390254974365,2.4639999866485596,,,,,
3090,0.0215000007301569,0.05009624734520912,3.9380461203109007e-07,-1.6638648509979248,-9.990586280822754,1.0,8.32672119140625,-259.11199951171875,-341.30584716796875,5.739351749420166,4.813324928283691,2.4719998836517334,,,,,
3100,0.07270000129938126,0.925629734992981,3.822904943717731e-07,-1.4638932943344116,-8.306461334228516,0.9750000238418579,6.842568397521973,-264.8620910644531,-316.3342590332031,5.073246955871582,4.3733391761779785,2.4800000190734863,,,,,
3110,0.013399999588727951,0.33495190739631653,3.7093326454851194e-07,-1.6983373165130615,-10.297637939453125,1.0,8.599300384521484,-284.64892578125,-390.4508361816406,5.241943836212158,4.467442512512207,2.48799991607666,,,,,
3120,0.08540000021457672,0.486947625875473,3.597337467908801e-07,-1.7857328653335571,-8.932931900024414,0.9750000238418579,7.1471991539001465,-297.1075134277344,-328.0600280761719,5.045319080352783,3.973130702972412,2.496000051498413,,,,,
3130,0.03280000016093254,0.07901369035243988,3.486927937501605e-07,-1.855467438697815,-10.080594062805176,0.987500011920929,8.225126266479492,-355.8095703125,-361.13812255859375,5.33962869644165,4.081262111663818,2.503999948501587,,,,,
3140,0.016699999570846558,0.24321778118610382,3.378112296559266e-07,-1.3394521474838257,-9.265497207641602,1.0,7.9260454177856445,-232.1834259033203,-301.9704895019531,5.1120195388793945,4.200939655303955,2.51200008392334,,,,,
3150,0.07109999656677246,9.319091796875,3.27089821894333e-07,-1.8469207286834717,-9.53502082824707,0.9624999761581421,7.688100337982178,-297.0677795410156,-364.6419982910156,4.566081523895264,3.966782331466675,2.5199999809265137,,,,,
3160,0.023600000888109207,0.29848337173461914,3.165293946949532e-07,-1.8085371255874634,-9.584173202514648,1.0,7.775637626647949,-282.7420654296875,-318.32708740234375,4.556607723236084,4.186603546142578,2.5280001163482666,,,,,
3170,0.04190000146627426,0.1504879593849182,3.061307154439419e-07,-1.8891773223876953,-9.219575881958008,0.9750000238418579,7.330397605895996,-346.8388366699219,-325.7762756347656,4.558409690856934,3.927206039428711,2.5360000133514404,,,,,
3180,0.1071000024676323,10.237677574157715,2.95894579949163e-07,-1.5834033489227295,-9.335670471191406,0.9750000238418579,7.752267360687256,-292.15875244140625,-341.2140808105469,5.033017158508301,4.303976535797119,2.5439999103546143,,,,,
3190,0.017899999395012856,0.31540802121162415,2.858217271750618e-07,-1.3359171152114868,-9.72111988067627,1.0,8.385202407836914,-262.03851318359375,-353.047607421875,5.49672269821167,4.564599990844727,2.552000045776367,,,,,
3200,0.01730000041425228,0.08631138503551483,2.759128960860835e-07,-1.5958961248397827,-9.683967590332031,1.0,8.0880708694458,-235.17056274414062,-336.2618408203125,5.299572944641113,3.9508700370788574,2.559999942779541,,,,,
3210,0.023499999195337296,0.1342138648033142,2.661688256466732e-07,-1.8080723285675049,-9.855100631713867,0.987500011920929,8.047028541564941,-361.0069885253906,-354.4189758300781,5.317826271057129,3.970654249191284,2.568000078201294,,,,,
3220,0.08609999716281891,0.34458813071250916,2.565902548212762e-07,-1.9834429025650024,-9.647372245788574,0.9624999761581421,7.663928985595703,-313.26593017578125,-338.3239440917969,5.41039514541626,4.077761650085449,2.5759999752044678,,,,,
3230,0.03420000150799751,0.03836895152926445,2.471778657309187e-07,-2.0840466022491455,-10.986045837402344,0.9750000238418579,8.901998519897461,-304.1690979003906,-396.61578369140625,5.189719200134277,4.540395736694336,2.5840001106262207,,,,,
3240,0.024800000712275505,2.142319440841675,2.3793236891833658e-07,-1.9516894817352295,-9.985597610473633,1.0,8.033907890319824,-308.1695251464844,-365.7324523925781,4.5454535484313965,3.8644394874572754,2.5920000076293945,,,,,
3250,0.016100000590085983,0.8832191824913025,2.2885446071541082e-07,-1.1787264347076416,-9.501962661743164,1.0,8.323236465454102,-251.9464111328125,-337.13067626953125,4.7896575927734375,3.8909759521484375,2.5999999046325684,,,,,
3260,0.012500000186264515,0.49538713693618774,2.1994479482145834e-07,-1.567513108253479,-9.797014236450195,1.0,8.229500770568848,-260.5238037109375,-342.3768310546875,5.609720230102539,4.4396867752075195,2.6080000400543213,,,,,
3270,0.020600000396370888,0.5339383482933044,2.1120403914665076e-07,-1.7965052127838135,-10.041356086730957,1.0,8.244852066040039,-326.8325500488281,-366.0738220214844,5.200387477874756,4.240872859954834,2.615999937057495,,,,,
3280,0.04390000179409981,0.3963943123817444,2.0263284739030496e-07,-1.685010313987732,-9.479803085327148,0.9750000238418579,7.794792175292969,-261.80120849609375,-342.75750732421875,5.516892910003662,4.538344383239746,2.624000072479248,,,,,
3290,0.022099999710917473,0.04228335991501808,1.9423184483002842e-07,-1.732189416885376,-10.305276870727539,0.987500011920929,8.573088645935059,-292.9509582519531,-387.6893615722656,4.400089740753174,4.047633171081543,2.631999969482422,,,,,
3300,0.01730000041425228,4.092332363128662,1.860016567434286e-07,-1.4712178707122803,-9.884178161621094,1.0,8.41296100616455,-273.2032775878906,-335.7553405761719,4.514812469482422,3.835385799407959,2.640000104904175,,,,,
3310,0.025599999353289604,0.6317538022994995,1.7794289419725828e-07,-1.831499695777893,-10.709607124328613,1.0,8.878108024597168,-270.1387939453125,-356.85247802734375,5.197596549987793,4.494056701660156,2.6480000019073486,,,,,
3320,0.02759999968111515,1.2793025970458984,1.7005615404741548e-07,-1.5184680223464966,-10.068155288696289,0.987500011920929,8.549687385559082,-315.04180908203125,-388.51031494140625,4.732108116149902,3.757864475250244,2.6559998989105225,,,,,
3330,0.03759999945759773,0.5074418187141418,1.623420189389435e-07,-1.6412217617034912,-9.694135665893555,0.987500011920929,8.0529146194458,-271.6542053222656,-387.1414489746094,4.666783809661865,4.198159694671631,2.6640000343322754,,,,,
3340,0.060600001364946365,0.10380296409130096,1.548010715168857e-07,-1.8199936151504517,-9.602088928222656,0.9750000238418579,7.782095432281494,-256.9546813964844,-319.572265625,5.312614440917969,4.119806289672852,2.671999931335449,,,,,
3350,0.03629999980330467,0.021834665909409523,1.4743385179372126e-07,-1.4868338108062744,-9.344721794128418,0.9750000238418579,7.857888698577881,-272.904296875,-342.71002197265625,4.89646053314209,4.248620510101318,2.680000066757202,,,,,
3360,0.014700000174343586,0.003707552794367075,1.4024091399278404e-07,-1.8287513256072998,-9.944674491882324,1.0,8.115922927856445,-295.6798400878906,-363.5841369628906,4.726553440093994,4.158334255218506,2.687999963760376,,,,,
3370,0.017400000244379044,1.58111572265625,1.3322279812655324e-07,-2.2944893836975098,-10.583823204040527,1.0,8.28933334350586,-344.0848693847656,-394.044189453125,5.305523872375488,4.136075496673584,2.696000099182129,,,,,
3380,0.054499998688697815,5.028284072875977,1.263800015749439e-07,-1.5203217267990112,-9.411806106567383,0.9750000238418579,7.891484260559082,-255.8859100341797,-310.86041259765625,5.148923397064209,4.469823837280273,2.7039999961853027,,,,,
3390,0.03689999878406525,0.4460000991821289,1.1971306435043516e-07,-1.6796563863754272,-10.20765495300293,0.987500011920929,8.527997970581055,-344.94183349609375,-407.57196044921875,4.775843620300293,4.126654624938965,2.7119998931884766,,,,,
3400,0.06400000303983688,0.7612893581390381,1.1322245541123266e-07,-1.7854034900665283,-8.927042007446289,0.987500011920929,7.141639709472656,-274.0204162597656,-320.89544677734375,5.52895975112915,4.540757179260254,2.7200000286102295,,,,,
3410,0.0406000018119812,0.33379414677619934,1.0690866503182406e-07,-1.6664247512817383,-9.69875717163086,1.0,8.032331466674805,-214.1824493408203,-327.7832946777344,5.098208427429199,4.5887250900268555,2.7279999256134033,,,,,
3420,0.03449999913573265,6.342083930969238,1.007721550649876e-07,-1.8235397338867188,-9.699605941772461,1.0,7.8760666847229,-322.79437255859375,-358.8709411621094,5.632585048675537,4.908988952636719,2.7360000610351562,,,,,
3430,0.031599998474121094,1.5607151985168457,9.481338736350153e-08,-1.7933067083358765,-10.172879219055176,0.987500011920929,8.379571914672852,-290.94830322265625,-365.2971496582031,4.838034629821777,4.181135177612305,2.74399995803833,,,,,
3440,0.031199999153614044,2.1584105491638184,8.903280246386203e-08,-1.7461249828338623,-9.948033332824707,0.987500011920929,8.201908111572266,-291.667236328125,-376.9957580566406,4.629991054534912,4.001479148864746,2.752000093460083,,,,,
3450,0.01730000041425228,0.29630792140960693,8.343082669171054e-08,-1.8037563562393188,-9.667924880981445,1.0,7.864168643951416,-312.7731018066406,-369.9225769042969,5.3439764976501465,4.280465602874756,2.759999990463257,,,,,
3460,0.010700000450015068,0.22496461868286133,7.80078721618338e-08,-1.5515005588531494,-10.649283409118652,1.0,9.097782135009766,-275.98248291015625,-385.6902160644531,4.802247047424316,3.911714553833008,2.7679998874664307,,,,,
3470,0.028300000354647636,1.5907223224639893,7.276433677816385e-08,-1.7674763202667236,-9.737560272216797,0.987500011920929,7.970083713531494,-311.1336975097656,-366.0086975097656,5.417213439941406,4.527526378631592,2.7760000228881836,,,,,
3480,0.01269999984651804,0.8516112565994263,6.770062555006007e-08,-1.4553444385528564,-9.790864944458008,1.0,8.33552074432373,-289.9811096191406,-368.3356018066406,5.265978813171387,4.501333236694336,2.7839999198913574,,,,,
3490,0.04230000078678131,0.14385093748569489,6.281710085431769e-08,-1.672814130783081,-9.829768180847168,0.987500011920929,8.156953811645508,-314.49835205078125,-358.48883056640625,4.355132579803467,3.840935230255127,2.7920000553131104,,,,,
3500,0.01140000019222498,0.02319483272731304,5.811412151501827e-08,-1.398949384689331,-10.757467269897461,1.0,9.358518600463867,-289.0025939941406,-370.2103271484375,5.490327835083008,4.374375343322754,2.799999952316284,,,,,
3510,0.0502999983727932,11.677026748657227,5.359204635624337e-08,-1.9594762325286865,-9.994707107543945,0.987500011920929,8.03523063659668,-330.3495788574219,-362.0838623046875,5.279205322265625,4.21823787689209,2.808000087738037,,,,,
3520,0.008200000040233135,0.08484012633562088,4.925120222765145e-08,-1.4138163328170776,-10.188543319702148,1.0,8.774726867675781,-292.2240295410156,-356.95550537109375,5.5051445960998535,4.12033748626709,2.815999984741211,,,,,
3530,0.050700001418590546,0.7557467222213745,4.509191597890094e-08,-1.4708322286605835,-9.77090835571289,0.987500011920929,8.30007553100586,-309.6875,-361.8406066894531,4.602746963500977,3.6360397338867188,2.8239998817443848,,,,,
3540,0.020400000736117363,0.0852053090929985,4.1114493143368236e-08,-1.741987943649292,-9.358635902404785,1.0,7.616647243499756,-294.4493103027344,-335.228271484375,4.978696823120117,4.129108428955078,2.8320000171661377,,,,,
3550,0.05820000171661377,0.6146368980407715,3.731922859628867e-08,-1.5470937490463257,-9.346041679382324,0.9750000238418579,7.798947811126709,-262.03466796875,-348.4425964355469,4.770680904388428,4.089091777801514,2.8399999141693115,,,,,
3560,0.01889999955892563,0.8431967496871948,3.370640655475654e-08,-1.689927339553833,-9.75355339050293,1.0,8.06362533569336,-320.73907470703125,-358.5114440917969,4.5091962814331055,4.1378631591796875,2.8480000495910645,,,,,
3570,0.05730000138282776,0.6209354996681213,3.027628991958409e-08,-1.3542054891586304,-8.957054138183594,0.987500011920929,7.602849006652832,-246.9033660888672,-342.09881591796875,5.377020359039307,4.340949058532715,2.8559999465942383,,,,,
3580,0.012400000356137753,0.3805367648601532,2.7029132709799342e-08,-1.7969133853912354,-9.940281867980957,1.0,8.143366813659668,-303.68560791015625,-339.7081604003906,5.280592441558838,4.241644859313965,2.864000082015991,,,,,
3590,0.03460000082850456,0.010015834122896194,2.396518006264614e-08,-1.7475074529647827,-9.919012069702148,0.987500011920929,8.171504974365234,-237.15359497070312,-315.9363098144531,5.152451515197754,4.5508623123168945,2.871999979019165,,,,,
3600,0.022099999710917473,5.137730121612549,2.108465579908625e-08,-1.7683870792388916,-9.598941802978516,1.0,7.830554962158203,-324.08575439453125,-369.1048278808594,5.542159080505371,3.938619613647461,2.880000114440918,,,,,
3610,0.01810000091791153,1.4574223756790161,1.8387773081940395e-08,-1.601997971534729,-9.010429382324219,1.0,7.408430576324463,-309.50128173828125,-356.45928955078125,5.264174461364746,4.134808540344238,2.888000011444092,,,,,
3620,0.008999999612569809,0.31385308504104614,1.587473441588827e-08,-1.210005521774292,-9.63880729675293,1.0,8.428802490234375,-254.4953155517578,-327.45806884765625,5.008767127990723,4.4534711837768555,2.8959999084472656,,,,,
3630,0.05790000036358833,0.0813697949051857,1.3545722765684332e-08,-2.148679256439209,-9.119757652282715,0.9624999761581421,6.971078395843506,-287.1812744140625,-332.87078857421875,5.059233665466309,4.1991167068481445,2.9040000438690186,,,,,
3640,0.024299999698996544,1.0550477504730225,1.1400913102477261e-08,-1.6552528142929077,-9.224159240722656,1.0,7.568907260894775,-264.48028564453125,-338.00579833984375,5.88301944732666,5.023581027984619,2.9119999408721924,,,,,
3650,0.032099999487400055,0.7462804913520813,9.440462633847346e-09,-1.6408193111419678,-8.969693183898926,0.987500011920929,7.3288726806640625,-264.90496826171875,-315.2498779296875,5.158656120300293,4.242160797119141,2.9200000762939453,,,,,
3660,0.04879999905824661,0.24612398445606232,7.664517021055417e-09,-1.622668981552124,-9.23704719543457,0.9750000238418579,7.614378452301025,-253.97982788085938,-301.608642578125,5.1593241691589355,4.418048858642578,2.927999973297119,,,,,
3670,0.09880000352859497,0.30661341547966003,6.073208158596799e-09,-1.8792314529418945,-10.284524917602539,0.9624999761581421,8.405294418334961,-312.33355712890625,-356.5104064941406,5.8896355628967285,4.44544792175293,2.936000108718872,,,,,
3680,0.02930000051856041,7.7454681396484375,4.6666537301121025e-09,-1.7664823532104492,-10.342819213867188,0.987500011920929,8.576337814331055,-232.9684600830078,-376.7237243652344,5.195570945739746,4.448616981506348,2.944000005722046,,,,,
3690,0.03840000182390213,0.2242652028799057,3.4449580965656423e-09,-1.5266523361206055,-9.692039489746094,0.987500011920929,8.165387153625488,-301.8054504394531,-410.3426818847656,4.93416166305542,4.454812049865723,2.9519999027252197,,,,,
3700,0.02280000038444996,0.1340048611164093,2.408211630111623e-09,-1.594908595085144,-9.784597396850586,0.987500011920929,8.189689636230469,-234.56594848632812,-322.2693786621094,5.005431175231934,4.5551300048828125,2.9600000381469727,,,,,
3710,0.016899999231100082,1.4800137281417847,1.5564911581833485e-09,-1.3553884029388428,-10.21861457824707,1.0,8.863225936889648,-321.6507568359375,-364.74609375,4.643630027770996,3.719783067703247,2.9679999351501465,,,,,
3720,0.007899999618530273,0.22465915977954865,8.898599079820713e-10,-1.6718966960906982,-10.525552749633789,1.0,8.853655815124512,-299.8648681640625,-419.33441162109375,5.205310821533203,4.210565090179443,2.9760000705718994,,,,,
3730,0.06210000067949295,0.3124602437019348,4.0836714565450905e-10,-1.4992685317993164,-9.983807563781738,0.987500011920929,8.484539985656738,-240.103759765625,-325.7897033691406,4.898797035217285,4.14981746673584,2.9839999675750732,,,,,
3740,0.03680000081658363,1.0920509099960327,1.1204853017643401e-10,-1.9714466333389282,-10.187317848205566,0.987500011920929,8.215871810913086,-366.9137878417969,-394.8614196777344,4.3755784034729,3.7267978191375732,2.992000102996826,,,,,
3750,0.08860000222921371,6.039918899536133,9.260277007011597e-13,-1.9144277572631836,-9.636578559875488,0.9750000238418579,7.722151279449463,-320.96844482421875,-339.59136962890625,5.531718730926514,4.644474029541016,3.0,,,,,
375,,,,,,,,,,,,3.0,,,,,
